edition_id,lowest_ask,avg_sale,top_sale
101,,,
100,,,
1,,,
1017,5600,13491.44,50000
1010,6,42.6,400
102,,,
1002,2,15.63,1000
1016,450,961.7,4000
1011,79,523.7,1450
1003,4,39.62,659
10,,,
1013,179,661.68,1499
1004,5,35.61,180
1014,699,765.4,1799
1019,2,26.04,1000
1000,1,6.6,200
1012,199,569.27,5000
1007,5,42,300
1006,5,40.63,300
1001,2,10.71,1181
1005,11,47.75,1053
1009,21,87.71,600
1018,1,9.18,76
103,,,
1029,11,58.65,550
1027,12,38.63,205
1021,5,44.25,400
1015,575,1603.41,11250
1025,1,16.21,380
1008,13,58.33,1000
1023,119,731.49,4000
1022,445,1083.44,3250
1031,6,50.67,182
1034,5,41.13,749
1036,475,671.1,2130.13
1035,6,75.87,599
1020,24,46.49,1185
1038,1,6.8,375
104,,,
1032,5,46.29,750
1030,495,783.78,3500
1033,7,46.16,275
1040,1,5.99,213
1028,6,47.83,500
1024,1,13.76,232
1039,2,10.98,750
1026,1,8.82,370
1037,79,318.83,1100
1041,2,6.24,99
1044,2,11.51,1000
1042,1,6.88,200
1045,2,7.17,399
106,,,
1046,1,11.1,613
1055,1,12.55,500
1052,1,6.33,68
1043,1,6.03,100
1057,1,8.26,55
105,,,
1050,1,5.64,120
1053,1,4.55,20
1054,1,5.36,63
1049,1,6.04,60
1051,1,5.2,50
1058,4,30.97,149
1061,5,28.46,527
1056,1,10.22,105
1047,1,7.3,122
1062,24,56.46,195
1048,1,7.71,100
1060,8,41.49,350
1063,4,34.27,160
108,,,
1077,349,684.37,1800
1070,5,30.33,315
1059,6,47.42,199
1067,4,28.11,500
1075,50,429.81,900
1071,9,42.73,216
1076,94,719.5,1600
1083,4,54.08,140
1064,6,33.05,150
1078,95,458.85,1250
1074,789,1084.35,4469
1079,199,607.93,1148
1068,9,41.37,218
1081,2,10.29,369
1073,6,51,125
1072,8,54.63,350
1069,9,45.83,980
107,,,
1065,6,52.41,425
1090,1,5.56,350
1088,6,30.19,440
1080,2,10.95,405
1086,7,36.9,135
1089,45,416.44,1022
1084,14,80.34,595
1087,5,45.73,315
1094,1,5.92,1111
1095,1,5.33,110
1092,1,4.35,177
1091,1,4.12,457
1093,1,4.21,315
1097,1,7.92,150
1099,1,8.58,1888
1098,1,6.84,2000
11,,,
110,,,
1066,7,63.18,525
1102,1,5.18,530
111,,,
1108,1,5.57,180
1100,1,3.65,121
1105,1,5.24,400
1109,1,4.03,28
1111,1,7.57,3500
1112,2,4.36,250
1082,1,4.87,50
109,,,
1113,1,7.86,500
1085,80,511.08,1099
1104,1,4.95,125
1117,11,50.71,500
1115,1,3.59,39
1116,1,4.39,369
1114,1,4,66
1121,4,23.09,111
1122,4,34.9,295
1120,5,24.57,310
1110,2,3.98,70
112,,,
1125,5,39.4,350
1119,12,33.57,249
1126,7,46.38,239
113,,,
1133,14,56.77,299
1127,149,374.19,800
1130,299,791.16,3000
1096,1,3.63,174
1129,77,495.11,888
1131,17,71.44,730
1134,12,54.48,689
1123,5,47.29,1027
1103,1,5.42,60
1101,1,5.33,112
1128,150,455.55,999
1106,1,4.94,80
1139,4,26.08,75
1132,4,37.09,250
1107,1,6.02,375
1138,5,40.87,135
1137,11,29.11,85
1140,5,34.24,330
1118,3,26.13,275
1135,600,1245.65,2999
1143,1,2.94,200
1142,14,40.68,115
1124,4,27.57,105
1141,11,41.13,599
1145,2,3.07,871
1149,1,2.84,114
1151,1,3.15,27
114,,,
1146,1,3.08,400
1147,1,3.35,487
1150,1,2.92,25
1153,1,4.5,250
115,,,
1154,1,3.53,175
1136,4,30.08,75
1144,1,2.82,125
1148,1,2.82,275
1152,1,11.25,172
1160,2,3.13,34
1155,1,3.41,200
1158,1,3.92,399
1157,1,4.1,100
1159,1,3.78,95
1163,1,4.92,877
1168,9,48.6,900
1166,21,88.4,2050
1171,5,26.26,179
1172,4,31.82,360
1169,5,26.87,178
1176,99,277.8,500
1174,10,70.42,245
118,,,
117,,,
116,,,
1156,1,2.94,25
1161,1,6.71,500
1162,1,2.66,40
1175,5,27.26,85
1180,270,641.76,2200
1177,159,517.69,1199
1179,89,366.85,1150
1164,1,3.25,175
1165,5,37.38,500
1183,4,25.52,88
1173,4,27.32,135
1170,4,22.43,111
1167,3,19.86,200
1181,40,162.57,450
119,,,
1184,4,34.15,325
1186,2499,2544.33,3799
1178,440,1016.83,2900
1185,5,30.73,250
1188,1,3.36,200
1182,9,35.87,750
1187,4,18.77,125
1193,4,21.66,53
1195,5,38.91,111
1190,9,26.09,199
1191,65,215.88,1500
12,,,
120,,,
1192,17,45.53,810
1189,10,49.62,333
1196,3,19.33,200
1202,100,493.47,2777
1200,7,40.16,1150
1203,15000,7921.43,14500
1194,11,89.68,325
1199,5,38.37,1111
1201,71,387.48,3232
1204,4,22.53,79
1206,6,40.81,148
121,,,
1198,4,29.47,117
122,,,
1207,5,23.34,105
1205,21,50.83,200
1215,7777,5449.5,6999
1208,8,35.79,130
1209,18,67.09,612
1210,9,56.05,1000
1219,20,100.57,275
1222,1,1.95,42
1197,30,91.35,888
1221,1,2.31,179
1214,10,48.36,999
1218,9,26.28,1052
1212,22,67.72,350
1224,1,2.06,90
1217,29,89.84,314
1211,28,139.41,395
1216,10000,10000,10000
1220,1,2.41,217
1226,1,2.71,345
1223,1,3.17,375
123,26000,26000,34000
1231,1,2.45,85
1234,1,2.63,100
1229,1,2.48,120
1233,1,3.06,150
1228,1,2.63,99
1213,8,33.27,85
1238,1,2.17,25
1236,1,2.58,100
1225,1,2.2,50
1235,1,4.22,500
124,,,
1227,1,2.58,50
1243,1,2.22,85
1232,1,2.46,120
1242,1,6.82,120
1244,4,13.99,40
1240,1,2.28,100
1230,1,2.46,100
1247,4,23.92,345
1239,1,2.35,25
1246,4,18.93,325
1237,2,2.45,299
125,,,
1245,9,36.01,110
1241,1,2.09,78
126,,,
1251,4,19.5,125
1255,5,21.77,150
1250,4,16.91,225
127,,,
1264,23,194.64,425
1248,7,38.76,529
1257,5,24.23,199
1263,45,207.07,750
1266,25,111.27,625
1269,14,89.76,850
1249,4,26.2,75
1265,24,133.28,995
1252,12,27.69,256
1262,28,91.48,399
1273,25,220.97,475
1253,4,23.61,299
1272,35,242.77,888
1261,8,55.97,269
128,,,
1267,149,349.55,1000
1254,3,17.89,52
1259,18,26.62,120
1260,7,44.08,390
1275,60,148.42,550
1258,19,66.58,340
1270,16,99.05,418
1274,26,90.12,850
1281,139,409.61,2100
1277,450,1080.83,2899
1280,260,425.15,2176.23
1283,1,2.22,20
1278,200,572.84,1200
1256,9,37.75,375
1285,8,63.03,333
1268,22,97.14,225
1284,12,42.03,150
1276,135,301.54,495
1279,189,392.02,1500
1271,20,110.14,195
1282,275,595.57,950
129,,,
1287,68,174.71,3013
1288,4,33.23,184
1296,5,19.95,111
1290,209,446.89,899
1292,5,19.81,99
13,,,
1286,14,41.85,999
1293,12,52.97,160
1297,6,22.49,122
1298,1,3.58,100
1300,1,3.41,29
1302,1,4.58,25
1304,1,3.7,115
1301,1,3.6,150
1291,1,3.8,100
1289,499,615.93,2121.16
1294,149,503.73,1850
1305,1,3.55,50
131,,,
1303,1,3.97,55
1299,1,3.67,35
1310,4,23.86,387
1306,1,4.43,33
1309,1,3.81,169
1308,1,3.22,12
1307,1,5.31,23
130,,,
1317,11,18.89,42
1295,30,94.05,208
1311,8,24.88,1000
1312,4,24.05,350
132,,,
1321,8,23.86,150
1318,7,23.84,75
1315,4,24.79,300
1319,8,33.31,120
1316,5,20.43,250
1327,89,337.25,1000
1331,400,824.69,1250
1330,325,595,3750
1314,4,18.38,121
1326,145,361.23,750
1313,5,20.1,113
1336,50,84.65,550
133,,,
1322,30,44.01,250
1320,40,49.99,1000
1334,12,24.36,599
1333,2650,6374.75,8250
1328,95,315.4,2000
1324,22,39.67,115
134,,,
1338,4,19.18,253
1337,37,120.77,320
1346,,,
1332,525,638.8,1399
1339,4750,18000,18000
1342,1,1.86,100
1343,1,2.15,320
1341,199,693.13,3000
1335,14,68.71,400
1329,149,501.11,3158
1347,1,2.17,300
1340,215,728.49,3011
1344,1,1.59,64
1325,8,40.75,750
1345,1,1.71,50
1323,120,90.14,500
1353,1,2.01,69
1349,1,2.4,250
135,,,
1348,1,2.58,100
1352,1,2.12,300
1354,1,2.35,95
1350,1,1.77,48
1351,1,2.06,100
1355,1,2.14,67
1356,1,2.02,125
136,,,
1359,1,1.68,8
1358,1,1.76,140
1357,1,1.78,211
1367,1,1.83,15
1365,1,2,63
1369,1,1.96,54
1360,1,1.94,300
1362,1,1.79,20
137,,,
1364,1,2.13,30
1363,1,1.98,25
1373,1,1.99,48
1370,1,2.15,125
1371,1,2.88,100
1361,1,1.59,30
1372,1,1.97,15
1366,1,1.94,30
1374,1,1.91,105
138,,,
1379,1,2.18,75
1380,1,1.86,13
1376,1,2.15,149
1377,1,1.94,40
1381,1,2.25,53
1378,1,2.07,69
1383,1,2.46,105
1375,1,1.95,50
1382,1,3.25,128
1386,1,2.18,50
1368,1,1.89,43
1394,1,1.73,99
1392,1,1.72,54
1388,1,1.83,79
14,,,
1390,1,1.63,7
140,,,
1389,1,2.42,300
1398,1,2.39,115
1387,1,2.04,100
1400,1,1.91,80
1384,1,1.92,19
1401,1,2.11,200
1403,1,1.98,70
1385,1,1.83,6
1399,1,1.95,53
1397,1,1.94,70
1406,1,2.03,50
1408,1,2.43,30
1405,1,3.58,200
141,,,
1409,1,2.38,138
1413,1,3.23,165
1416,1,2.05,99
1410,1,1.78,33
1412,1,2.83,35
1419,1,1.97,15
1418,1,2.16,99
142,,,
1417,1,1.63,13
1395,1,2.29,59
1423,1,2.84,200
1391,1,1.77,20
143,,,
1431,4,15.9,145
1430,5,18.48,350
1433,3,14.69,200
1435,3,17.23,148
1436,4,16.44,30
1438,9,23.35,250
144,,,
1437,5,24.96,395
1440,4,19.2,199
1442,5,18.41,69
1393,1,5.32,3900
1443,6,39.05,115
1441,4,17.29,59
1446,6,20.03,60
139,,,
1415,1,2.53,235
1414,1,2.62,54
1402,1,3.34,59
1448,9,52.71,1300
145,,,
1404,1,1.91,125
1449,12,61.56,500
1427,1,1.8,45
1421,1,3.51,200
1450,4,20.35,48
1407,1,2.24,82
1396,1,2.74,100
1426,1,3.62,215
1452,5,38.95,80
1411,1,2.02,215
1455,5,21.54,59
1428,1,1.96,54
1457,4,25.14,100
1458,555,893.54,2450
146,,,
1456,6,22.55,60
1451,6,21.35,199
1439,4,17.37,199
1444,9,49.67,234
1459,125,526.02,1290
1429,3,14.48,129
1434,4,19.23,300
1432,4,17.32,209
1420,1,1.85,12
1453,5,22.32,105
1461,585,1041.3,2250
1463,89,441.95,1250
1460,1350,2079.3,3650
1447,5,51.53,125
1454,11,40.85,200
1462,250,391.14,800
1424,1,1.9,25
1425,1,5.08,1000
1465,60,122.66,300
1422,1,2.93,169
1445,10,45.92,800
1469,5,18.92,400
1464,2,2.61,32
1470,1,2.48,200
1474,1,3.15,127
1473,1,1.89,15
1466,9,32.68,2300
1471,1,2.79,299
1475,1,2.48,45
147,,,
1467,4,20.3,250
1477,2,3.95,250
1468,3,18.79,53
1479,1,5.93,400
1472,1,2.54,54
1480,1,2.35,30
1487,5,19.43,250
1478,1,4.54,200
1489,7,20.59,235
1491,10,26.29,89
148,,,
1490,5,38.64,469
15,,,
1493,1,2.67,199
1492,1,7.26,179
1483,7,23.13,49
1496,4,24.38,500
1482,3,15.31,68
1497,27,37.75,626
1488,22,72.35,200
1495,12,49.81,850
1485,85,267.25,440
1498,30,40.27,399
1494,1,3.44,120
149,,,
1476,1,2.28,37
1481,1,2.21,28
1500,3,18.2,300
1499,35,56.24,210
1501,14,53.24,175
1503,32,40.55,665
1506,140,258.69,500
1486,14,50.32,800
1507,125,278.92,475
1502,4,18.17,65
1484,55,84.52,599
151,,,
150,,,
1510,90,208.3,500
1517,499,733.82,2064.92
1504,5,17.57,84
1505,9,20.82,150
1519,199,259.47,1000
1511,65,204.31,445
153,,,
1508,950,1393,2500
152,,,
1526,108,173.1,425
1529,200,483.84,1260
1512,775,893.75,2299
1527,170,405.15,850
1514,75,237.6,499
1528,99,227.48,775
1530,175,607.31,2150
1513,140,284.2,850
1525,240,309.17,599
1515,649,688.83,1400
1524,899,1124.06,3333
1516,341,500.2,900
1518,105,308.69,1059
1509,1450,1143.45,1999
1520,1250,1484.7,2950
1523,129,328,575
154,,,
1538,135,272.38,550
1545,150,274.3,799
1542,95,199.32,650
1522,199,252.12,400
1531,200,346.56,1199
155,,,
1521,899,1465,3000
1541,149,613.1,1299
1543,80,223.88,510
1548,95,185.86,500
1533,190,282.05,694
1540,269,338.9,800
1535,330,304.32,1474
1544,425,496.91,2167.9
1547,5,34.9,300
1539,195,645.31,995
1536,170,348.42,1275
1532,125,363.08,799
1534,94,224.05,600
1549,45,104.27,1069
1537,179,325.2,900
1546,8,29.88,150
156,,,
1551,5,32.3,291
1556,29,40.89,109
1557,13,63.68,219
157,,,
1559,15,28.65,150
1554,4,27.98,89
1558,7,45.15,499
1552,111,130.65,605
1550,12,35.43,125
1564,29,147.63,425
1560,85,149.94,500
1571,7,41.6,140
1555,29,59.99,600
1553,6,29.39,125
1570,13,93.27,250
1565,4,25.87,150
158,,,
1576,17,51.65,300
1579,17,54.96,199
1578,8,30.77,125
1566,5,34.3,300
1573,8,33.85,799
1569,14,42.99,169
1567,11,43.71,375
1582,18,52.75,299
1568,4,32.13,408
1586,185,261.82,700
1575,11,36.03,135
1561,42,70.5,359
1587,99,188.21,399
1572,10,34.08,129
1583,6,25.24,98
1577,9,55.16,300
1562,9,28.03,80
1584,33,51.74,450
1580,12,36.48,115
1585,8,27.98,120
1591,260,303.85,799
1589,175,256.83,488
1588,300,299.4,499
1593,240,554.07,1599
1590,200,241.21,550
16,,,
1596,113,229.33,355
160,,,
1600,149,238.13,499
1574,5,24.74,95
1563,7,30.11,125
1581,6,64.56,799
1595,699,917.67,2635
1602,299,369.59,579
1601,225,264.63,475
161,,,
1598,110,218.09,398
1603,95,260.6,399
1594,230,282.44,700
1599,149,437.65,1750
1605,205,327.77,1150
1607,279,234.77,495
1610,389,600.12,1958.61
1592,449,594.53,899
1606,599,734.87,980
1604,99,357.85,1099
1611,500,624.75,949
1608,99,186.35,425
162,,,
1597,138,381.07,699
1612,675,770.93,1500
159,,,
1614,133,248.71,625
1609,139,243.21,420
163,,,
1616,999,2521.42,10527
1617,110,193.96,400
1619,179,248.67,489
1622,189,281.68,869
1626,85,203.95,448
1623,149,369.86,575
1629,125,232.53,455
1627,205,400.55,699
1620,99,219.42,353
1628,150,339.57,650
1637,150,308.58,599
1636,250,408.92,699
1624,1749,2202.17,6000
1634,55,196.71,455
1638,420,461.36,733
164,,,
1639,299,472.59,1666
1631,155,334.21,589
1615,110,245.17,525
1632,130,432.93,1489
1648,149,300.94,1100
1651,199,389.56,800
1652,199,271.67,399
1643,340,275.3,550
1649,269,468.14,999
1653,149,410.23,2999
1630,274,554.59,1499
1644,128,356.29,1150
1642,69,181.5,430
1625,750,979.67,2187
1645,1199,523.15,1000
1633,299,607.19,1750
1647,269,431,1200
165,,,
1618,79,257.4,750
1613,449,315.82,925
1646,499,360.3,1100
1650,250,434.33,889
1640,230,306,1015
1654,428,1710.22,3999
1621,130,430.45,999
1655,799,1232.94,2250
166,,,
1641,199,386.4,999
1635,85,258.18,666
1656,184,406.56,625
167,,,
1663,199,319.23,555
1670,8,30.86,100
1659,440,409.86,649
1671,4,26.11,88
1674,13,21.12,73
1664,95,412.56,900
1661,99,213.35,429
1660,350,523.81,1099
1676,5,18.12,69
1669,7,23.29,150
1666,10,18.15,100
1662,110,171.5,550
1668,12,23.81,330
1679,25,43.81,251
1673,10,52.59,155
1665,369,267.69,649
1672,30,62.67,150
1678,7,20.58,135
1677,5,36.98,125
1667,9,34.91,1999
1675,42,121.84,1000
1658,149,272.84,650
1657,899,543.44,789
1688,5,25.43,250
1684,9,48.88,185
1682,7,23.48,89
1683,8,23.07,55
1680,8,28.32,249
1681,18,27.23,350
168,,,
1690,19,44.34,125
1693,7,33.53,350
1685,7,36.16,130
1694,6,22.49,95
169,,,
1695,15,41.8,175
1691,21,55.54,209
1698,5,23.61,75
1689,8,33.34,350
1699,7,22.92,65
171,,,
170,,,
1686,50,71.25,399
1697,3,23.63,90
1696,64,232.98,499
1704,58,166.87,1000
1700,4,23.66,70
1703,11,41.13,170
1706,5,27.59,99
1707,27,31.75,298
1711,31,48.28,300
1712,7,38.48,211
1701,10,61.8,215
1709,6,24.11,74
1687,7,28.55,125
1710,20,52.18,240
1692,20,57.3,300
17,,,
1714,5,18.1,59
1702,14,37.01,300
1718,38,84.6,349
1719,12,42.23,375
1721,13,41.83,159
1723,10,23.7,79
1720,8,23.2,199
1730,14,57.65,499
1725,34,40.09,250
1717,8,30.13,299
1724,12,36.6,106
1734,43,125.87,299
1733,7,35.54,154
1729,13,47.77,150
1732,24,43.94,325
174,,,
1736,19,36.58,90
1735,68,107.9,235
1739,25,33.61,130
1737,102,64.99,395
1738,25,43.12,113
1742,4,23.95,300
1743,14,26.64,99
1740,14,31.01,70
1741,5,21.48,63
1745,11,24.99,105
1708,10,34.9,260
175,,,
1747,97,191.05,375
1750,149,333.82,600
1746,125,217.43,399
1751,99,151.33,350
1752,115,262.57,545
1753,425,666.19,1195
1748,79,364.54,1050
1754,99,272.23,499
1749,445,858.69,2038.84
1758,475,676.52,2176.23
1757,145,210.72,549
176,,,
1756,89,305.73,999
1760,390,383.73,535
1761,190,332.43,499
1759,128,324.41,599
1762,160,172.72,499
1744,8,64.49,500
1763,290,671.18,2999
1764,190,310.12,1100
1766,199,177.27,499
177,,,
1765,225,431.65,585
1768,227,788.45,1133
1769,99,190.57,560
1770,600,823.63,2174.36
1767,165,276.8,425
1772,180,239.19,499
1774,85,169.33,300
1775,65,112.83,527
1778,54,202.55,310
1779,379,444.95,839
1773,125,401.13,599
178,,,
1771,349,471.27,949
1777,499,850.06,1250
172,,,
1776,54,196.16,360
1780,376,449.05,800
1783,80,198.52,399
1782,349,263.5,814
1784,85,247.1,469
179,,,
1788,6,32.98,145
1785,125,371.85,615
1790,40,34.09,69
173,35000,49,49
1705,15,75.52,500
1726,13,54,250
1755,623,727.44,2041.3
1716,15,32.1,149
1715,6,53.45,349
1727,13,44.68,550
1731,19,39.72,119
1728,7,37.22,132
1722,8,21.45,50
18,,,
1793,20,63.23,450
1713,125,51.83,105
1791,5,15.92,53
1799,8,25.08,149
1786,5,18.49,63
1787,6,16.53,40
1795,40,70.69,179
1794,10,25.18,99
1798,29,75.85,360
1804,8,29.23,124
1801,12,34.37,98
1796,8,39.83,266
1789,40,90.87,299
1797,10,18.31,54
1781,199,267.93,750
180,,,
1803,18,54.01,225
1808,12,74.56,550
1807,5,23.55,275
1810,22,58.33,199
1813,4,29.14,225
1814,4,16.3,55
1792,8,24.66,99
1815,7,19.66,79
1809,4,23.46,100
182,,,
181,,,
1812,11,19.82,115
1811,6,27.01,268
1816,4,19.33,59
1818,4,25.18,55
1806,7,28.44,99
1802,6,22.52,99
1823,4,18.89,135
1805,14,24.58,340
1827,1,2.98,6
1821,6,19.26,111
1819,9,49.44,225
1800,25,38.33,105
1820,15,45.02,250
183,,,
1828,1,3.39,50
1832,1,3.16,8
1822,7,26.45,250
1825,8,39.03,125
184,,,
1831,2,3.13,7
1834,2,3.69,11
1836,1,3.49,50
1837,4,4.89,185
1824,5,18.66,70
1838,2,4.14,17
1829,1,3.38,44
1830,1,4.46,15
1833,1,3.01,8
1835,2,3.85,11
1826,28,47.46,130
1839,2,4.78,15
1841,1,4.07,130
1817,29,79.18,203
1842,1,3.46,10
1840,1,4.26,8
1847,1,3.72,20
185,,,
1844,1,3.6,9
1845,1,3.43,14
1843,2,3.86,85
1848,1,4.69,99
1850,1,3.37,8
1846,1,3.23,64
1854,1,4.04,20
1855,1,4.12,35
1857,1,3.57,9
1856,1,3.68,30
1851,1,3.12,7
186,,,
1853,1,4.41,15
1861,1,3.86,89
1852,1,3.66,50
187,,,
1859,1,6.18,179
1862,2,4.93,148
1869,2,4.37,24
1860,1,3.49,90
1864,1,3.67,111
1863,1,4.95,65
1849,1,3.38,38
1858,1,3.27,7
1872,1,4.32,70
1870,2,4.62,49
1868,2,4.98,15
188,,,
1865,1,3.34,49
1866,2,6.16,25
1874,4,11.17,59
1867,2,4.36,69
1878,1,3.87,31
1876,2,4.14,135
1871,7,15.85,349
1877,3,7.07,99
1882,2,3.68,79
1884,1,3.57,25
1885,4,5.14,79
1881,1,3.53,9
1888,1,3.67,15
1879,4,11.38,89
1883,2,3.82,30
1891,19,28.16,126
1887,2,3.35,8
1893,11,39.38,185
1892,2,5.85,50
1894,7,26.5,250
1889,2,3.94,55
1896,2,3.23,12
19,,,
1898,26,59.95,185
1900,21,55.75,185
1901,4,5.95,75
1873,1,6.05,1000
189,,,
1875,2,3.96,99
190,,,
1905,10,69.87,195
1903,2,3.67,50
1906,11,16.53,49
1904,1,3.36,40
191,,,
1909,1,5.1,30
1907,1,4.34,50
1910,3,8.79,300
1899,3,6.4,17
1911,200,362.33,600
1912,77,278.41,499
1913,175,596.36,1199
1908,12,35.93,150
1915,175,459.06,900
192,,,
1916,140,407.89,875
1918,205,269.83,440
1919,125,385.45,725
1914,199,384.35,1099
1917,700.05,700.05,1958.61
1921,1499,964.56,2999
1922,344,690.95,1800
1925,95,215.17,350
1923,78,248,600
1929,189,395.96,940
1926,144,269.56,605
1932,5,26.56,64
1934,16,32.52,160
1930,155,629.94,1550
1936,18,63.16,403
1935,44,83.39,225
1933,14,44.78,130
194,,,
1931,12,25.43,125
1938,4,17.26,33
193,,,
1940,28,55.2,249
1939,13,22.54,135
1941,90,93.02,617
1945,4,17.01,55
1942,39,66.89,300
1943,6,18.5,149
1944,6,19.89,126
1948,6,32.56,299
1950,16,59.53,450
1947,4,16.2,30
195,,,
1946,14,23.38,50
1951,4,4.53,95
1949,9,31.68,169
1954,2,2.96,86
1953,1,3.3,15
1952,1,3.87,99
1886,3,5.98,250
196,,,
1955,2,3.15,70
1897,9,32.73,114
1895,9,20.77,211
1963,1,5.7,20
1902,17,28.66,212
1920,435,673.69,1500
1880,2,5.87,299
1959,2,3.28,50
1962,2,2.85,9
1937,27,20.83,80
1960,1,3.5,70
1956,3,5.76,24
1957,5,6.11,100
1958,1,3.26,80
1967,,,
1890,1,3.57,16
1964,10,23.3,52
1961,2,4.97,85
1968,,,
1965,3,4.07,75
1969,31,58.77,500
197,,,
1971,2,6.2,140
1970,5,11.9,99
1924,175,235.24,350
1927,240,142.7,299
1928,415,424.18,1120
1973,1,1.65,15
1976,1,1.7,10
1972,1,1.54,5
198,,,
1977,1,1.32,10
1966,35,75.73,165
1974,1,1.5,8
1978,2,3.42,50
1987,1,1.65,28
1986,1,1.34,5
1981,1,3.43,50
1979,1,1.7,99
1975,1,1.31,6
1990,1,2.82,35
1992,1,1.43,6
1983,1,1.97,43
1982,1,1.67,25
1993,1,1.49,6
1989,1,2.23,79
199,1000000,49,49
1984,2,1.67,7
1991,1,1.56,49
1988,1,1.61,25
1995,1,2.02,46
1985,1,1.59,8
1980,1,1.44,33
1996,1,1.56,20
200,,,
20,,,
2,,,
1994,1,12.15,1500
1997,3,2.78,100
1999,1,1.74,50
2000,1,1.94,28
2002,2,2.01,38
2003,1,1.65,35
201,,,
2006,1,1.75,40
2009,2,2.57,30
2001,1,1.64,13
1998,1,1.49,6
2008,2,3.45,199
2016,1,1.36,3
2012,2,1.26,4
2013,1,1.71,18
2004,1,1.48,10
2007,1,2.2,95
2005,1,1.59,18
2011,1,1.74,53
2014,1,1.44,7
2015,2,2.08,40
202,,,
2017,1,1.49,15
2022,1,2.3,7
2018,1,1.28,31
2010,1,2.06,35
2023,1,2.98,8
2020,1,1.45,10
2021,1,1.41,19
2024,6,19.7,79
203,,,
2019,1,1.28,3
2029,15,41.01,550
2028,2,4.21,49
2026,2,5.05,24
2031,1,3.16,25
2032,3,5.35,106
2033,4,10.09,30
2027,3,7.22,80
2039,1,1.35,5
2042,1,1.48,21
2035,1,1.34,3
2030,16,24.67,99
2034,1,1.37,25
2040,1,1.36,4
2025,8,16.08,50
2036,1,1.71,44
2045,1,2.25,76
204,,,
205,,,
2041,1,1.58,40
2043,1,1.92,95
2047,1,1.33,6
2050,1,1.59,15
2037,2,1.47,10
2046,1,1.29,8
2038,1,1.41,17
2051,1,1.86,35
2044,1,3.61,19
2049,1,1.49,25
2055,1,1.38,3
2048,1,1.3,3
2052,2,2.53,255
2054,1,1.5,25
2061,1,1.48,20
2059,1,1.4,5
2057,1,1.3,4
2056,1,1.22,5
2060,1,2.41,25
206,,,
2058,1,1.84,52
2062,2,2.89,149
2053,1,2.17,18
2064,1,1.3,5
2063,1,2.14,45
2065,1,2.56,100
207,,,
2066,1,2.97,111
2067,1,2.06,50
2068,1,1.22,4
2069,1,1.63,45
2071,1,1.37,6
2073,1,2.25,99
2074,1,1.59,25
2070,1,1.6,15
2072,1,1.78,10
2075,1,1.63,20
2078,1,1.7,29
2077,1,1.93,57
2080,1,1.69,30
2076,2,1.65,6
208,,,
2081,1,3.4,200
2079,1,1.45,6
2082,1,1.74,45
2083,1,2.49,99
2084,3,3.82,15
2087,1,1.22,3
209,,,
2088,1,1.59,88
2089,1,1.59,50
2085,1,1.46,20
210,,,
2093,2,2.31,90
2097,1,1.54,24
21,,,
2095,1,1.31,4
2090,1,2.15,99
2101,1,3.15,285
2106,1,1.24,9
2099,1,1.27,3
2098,1,2.25,182
2096,2,2.35,59
211,,,
2108,1,1.27,3
2107,1,5.27,265
2091,1,1.61,29
2110,1,1.78,55
2111,1,1.55,30
2115,1,1.33,21
2113,1,1.34,8
2104,1,1.21,3
212,,,
2116,1,1.2,3
2103,1,1.27,4
2092,1,1.31,4
2102,1,1.33,3
2105,1,1.29,30
2112,1,1.36,7
2109,1,1.74,99
2120,1,1.44,7
2114,1,1.66,50
2094,1,1.77,7
2119,1,1.32,4
2100,1,1.21,3
2118,1,1.25,3
2122,1,1.27,7
2086,1,1.21,3
2125,1,1.4,4
2123,1,1.45,8
2124,1,2.1,64
2126,2,2.25,10
2127,1,1.39,8
2129,1,1.26,4
2132,1,1.2,4
2121,1,2.55,260
2137,1,1.42,5
2117,1,1.27,3
2135,1,1.23,5
2131,1,1.3,15
2130,1,1.6,30
2139,1,1.31,36
2145,2,3.2,50
214,,,
2138,1,1.15,2
2140,1,1.72,100
2136,1,1.26,4
2142,1,1.52,15
2143,1,1.27,4
2128,1,2.56,50
2141,1,1.85,46
2146,5,16.24,41
2134,1,1.21,4
215,,,
2149,2,2.58,10
2144,1,3.23,74
2147,165,145.9,299
2150,13,28.22,150
213,,,
2148,1,3.58,199
2133,1,1.22,5
2155,22,35.57,200
2156,6,20.73,95
2151,8,22.95,132
2153,5,20.38,95
2152,5,18.03,33
2154,8,22.45,100
2162,8,23.37,165
216,,,
2165,3,4.08,200
2163,8,25.69,111
2158,5,21.22,42
2160,11,25.16,42
2159,17,22.62,44
2157,25,31.26,200
2164,6,17.56,30
2167,6,14.5,35
2169,18,32.13,185
2168,9,13.16,45
2166,2,3.44,20
217,,,
2174,6,31.55,149
2177,3,4.63,119
218,,,
2171,22,29.28,148
2172,15,33.76,123
2170,7,28.06,140
2173,9,29.57,180
2179,3,4.46,25
2178,5,8.29,99
2180,3,4.15,14
2176,6,32.45,295
2161,5,20.92,99
2182,2,2.66,12
219,,,
2184,35,51.79,300
2183,7,13.37,125
2185,28,34.84,225
2191,30,52.94,200
2188,1,1.77,29
2187,2,5.87,150
2190,20,56.17,210
2198,25,68.09,200
2195,14,29.2,75
2192,7,9.56,150
22,,,
2196,69,119.03,355
2199,14,85.41,225
2193,1,2.58,80
2200,19,65.38,585
2186,13,25.14,50
221,,,
2207,7,35.41,189
220,,,
2194,1,1.35,6
2175,20,26.87,99
2197,24,73.38,500
2206,35,122.18,750
2205,12,51.24,225
2204,12,47.36,95
2202,6,38.46,185
2201,7,28.13,95
2208,11,31.96,89
2203,18,72.23,199
2210,9,29.16,100
2209,12,34.88,135
2211,20,116.03,900
2214,2,2.61,77
2212,8,37.74,85
222,,,
2181,2,4.98,49
2189,53,159.49,330
2219,3,3.54,100
2223,4,5.56,50
223,,,
2221,1,1.79,25
2216,1,1.43,4
2218,2,2.18,69
2217,3,2.48,60
2222,2,2.01,20
2228,2,1.82,30
2224,1,1.56,15
2231,1,2.13,45
2227,1,1.73,30
2213,2,1.78,35
2225,1,1.48,7
2234,1,2.76,65
2215,3,3.47,50
2220,3,8.01,399
2226,2,2.61,57
2230,2,2.61,60
2235,19,33.03,199
224,,,
2232,1,1.86,50
2241,24,36.53,75
2229,1,1.37,5
2237,12,27.99,46
2233,1,2.24,25
2238,8,19.39,120
2246,6,15.96,40
225,,,
2247,20,41.02,90
2242,13,34.18,85
2239,10,19.02,85
2245,12,39.52,350
2252,9,23.02,100
2244,12,24.53,199
2236,15,25.55,99
2253,19,31.17,100
2243,9,24.65,60
2251,20,30.11,99
2254,5,18.54,99
2259,2,4.54,30
2260,1,1.47,5
2249,10,19.4,85
2267,20,21.25,36
2250,16,23.65,158
2262,10,36.06,368
2269,1,1.03,3
2261,19,37.41,420
227,,,
2256,7,17.13,100
2240,6,21.3,45
2274,1,1.86,100
226,,,
2264,1,1.98,6
2255,4,25.01,250
2266,25,57.1,313
2258,5,21.85,47
2268,1,2.54,69
2263,3,4.14,99
2277,1,1.33,25
2272,1,1.97,53
2257,46,25.25,150
2276,1,1.2,11
2248,9,25.94,169
2265,5,6.74,69
2281,5,6.14,250
2271,1,1.29,50
2278,1,2.12,10
2273,1,1.36,24
2282,1,1.54,50
2270,1,2.38,57
2279,2,1.7,5
228,,,
2275,1,2.89,109
2280,2,2.77,169
2300,,,
2283,2,2.41,100
2298,1,1.3,32
2299,1,1.25,30
2291,39,49.5,176
230,,,
2294,60,172.66,1500
23,,,
2288,6,15.13,95
2289,9,20.39,100
2295,6,18.6,101
2297,1,1.09,4
2286,1,1.6,10
2296,1,1.77,30
2302,1,1.21,4
2304,2,3.17,150
229,49,49,49
2292,135,97.91,475
2285,1,1.71,13
2287,8,19.89,87
2284,2,2.16,79
2293,28,74.24,375
2305,1,1.3,10
2306,1,1.34,8
2309,1,1.33,35
2308,1,1.56,6
2290,70,96.41,425
2301,1,1.82,50
2312,8,21.09,185
231,,,
2314,3,3.58,499
2307,1,2.07,75
2317,5,9.29,115
2316,6,8.73,53
2315,2,3.7,99
2313,5,23,105
2311,1,2.08,75
2321,1,1.49,25
2320,80,218.38,1116
2303,1,2.1,100
2318,19,69.75,169
2323,1,1.31,5
2326,8,13.83,30
2328,5,10.28,60
2325,8,15.71,80
2332,250,657.83,1099
232,,,
2335,1,1.76,50
2336,6,15.27,45
2319,23,72.58,120
2324,1,1.65,80
2334,1,2.16,44
234,,,
2322,2,2.3,29
2310,1,1.8,51
2343,175,372.69,999
2341,10,16.2,35
233,,,
2327,5,13.13,30
2331,6,12.07,40
2339,6,19.63,110
2338,14,19.14,99
2330,5,15.3,35
2342,275,611.19,1000
2340,10,43.54,333
2337,10,18.22,99
2345,1,1.43,50
235,,,
2347,1,1.76,68
2346,1,1.1,3
2333,95,310.16,850
2329,6,14.84,79
2344,1,1.69,34
2348,1,1.68,12
2353,10,19.18,75
2352,6,14.65,69
2354,4,17.97,42
2350,4,16.39,36
2356,85,280.83,625
2357,147,402.12,999
236,,,
2358,1,1.65,9
2351,5,16.49,35
2349,1,1.16,5
2363,3,6.95,19
237,,,
2370,107,193.47,1299
2365,3499,2731.29,4150
2364,2750,4237.5,8500
2367,109,193.82,1000
2362,59,189.48,499
2369,95,156.11,300
2355,219,443.62,800
2372,72,176.96,299
2374,750,168.43,325
2361,19,25.25,90
2376,165,226.33,3000
2375,130,202.87,799
238,,,
2360,2,4.3,151
2382,5,11.92,35
2359,16,24.16,180
2371,75,163.13,399
2377,4,11.52,79
2373,550,826.39,4500
2379,5,11.35,50
2366,9999,7692.57,11500
2368,375,230.87,799
2378,6,13.66,299
2384,4,11.26,40
2381,14,24.61,550
2383,4,12.43,149
2380,5,14.6,349
239,,,
2388,4,10.47,45
2391,5,14.17,250
2390,5,11.77,150
2386,4,11.34,99
2385,5,11.32,100
2389,5,13.32,260
2387,7,10.45,39
2393,2,1.69,40
2394,2,1.46,50
24,,,
2395,1,1.21,6
2392,5,11.33,200
240,,,
2402,1,2.04,40
2400,1,1.19,8
2405,1,2.45,150
2398,1,1.51,75
2396,1,1.65,70
2407,1,1.22,6
241,,,
2409,1,3.73,257
2412,3,6.15,125
2406,1,1.61,55
2399,1,1.27,8
2413,1,2.49,48
2410,1,1.94,100
2415,13,23.69,55
242,,,
2403,1,1.67,49
2408,1,1.19,9
2417,24,33.43,79
2397,2,5.13,395
2404,1,1.56,49
2401,1,1.63,100
2414,14,27.94,100
2411,4,4.26,69
2418,49,88.1,129
2419,24,54.71,90
2420,3950,8133,10550
2416,96,77.26,299
2424,7,14.98,125
2427,14,13.59,30
2432,1,1.54,40
2425,12,14.22,125
2435,1,1.51,14
2421,94,230.51,499
2430,6,12.18,110
2423,230,517.83,900
2428,5,12.22,80
2437,1,1.27,8
2422,69,216.09,599
2433,2,2.38,104
243,,,
2436,1,1.82,39
2431,1,1.75,50
244,,,
2440,1,1.16,5
2429,9,11.36,69
2438,1,1.63,85
2426,8,12.56,32
2442,2,1.16,8
2439,1,3.22,130
2441,1,1.08,3
2434,1,1.84,65
2445,1,2.02,48
2443,1,1.06,4
2447,1,4.27,826
2449,1,1.25,10
245,,,
2453,415,426.19,1847.56
2456,2,4.06,25
2455,350,500.19,2187
2463,3,5.73,128
246,,,
2450,1,1.7,95
2462,14,38.09,125
2457,1,1.63,50
2460,7,17.13,200
2454,270,609.71,2176.23
2448,1,1.26,20
2465,348,210.56,1065
2444,1,1.37,50
2466,75,139.41,650
2464,270,518.56,1495
2446,1,1.7,51
2468,29,84.55,500
247,,,
2467,6,8.29,20
2459,99,245.84,469
2471,130,173.53,433
2458,2,2.4,6
2473,200,296,469
2461,23,84.75,515
2470,1033,660.67,999
2451,1,1.58,50
248,,,
2474,189,273.76,460
2479,6,12.26,119
2475,111,214.23,449
2476,95,253.44,1000
2477,74,219.97,499
2478,199,271.81,575
2480,5,12.56,75
2485,6,12.65,69
2452,1,1.29,10
2469,333,430.58,899
249,,,
2481,4,9.65,20
2488,5,9.24,25
2489,10,10.24,25
2492,1,1.17,3
2497,1,1.35,10
2486,8,10.47,69
25,,,
2491,10,12.76,140
2498,1,1.3,30
2487,13,10.9,28
2495,1,1.8,45
2482,5,10.99,29
2484,5,10.52,110
2472,95,245.39,825
2499,1,1.23,12
2494,1,1.48,28
2490,5,12.41,33
2493,1,1.45,15
250,,,
2506,1,1.24,15
2503,1,2.11,98
2507,1,1.73,24
251,,,
2508,1,1.22,13
2496,1,1.43,20
2512,11,32.09,100
2514,4,6.93,17
2513,16,29.03,79
2483,4,11.02,74
2501,1,1.54,60
2515,2,2.72,10
2505,1,3.02,130
2516,700,847.6,2000
2510,1,1.53,20
2511,23,43.8,200
2502,1,1.97,75
2500,1,1.57,39
2517,599,229.8,360
252,,,
2509,1,2.21,50
2518,45,42.59,128
2519,2,3.64,41
2520,2,4.97,20
2521,1,2.77,100
253,,,
2527,1,1.37,60
2504,1,1.08,4
2525,1,1.1,7
2524,1,1.21,8
2522,1,1.56,53
2530,2,4.22,855
2531,1,1.14,5
2534,1,1.82,118
2529,1,1.54,39
2537,1,1.15,5
2532,1,1.1,5
254,,,
2538,1,2.68,100
2540,1,1.04,2
2536,1,2.75,50
2523,1,1.47,50
2533,1,3.14,551
2543,6,13.13,95
2539,1,2.29,75
2542,5,9.53,60
2526,1,2.04,80
2535,1,1.43,29
2546,7,9.6,14
2544,19,19.64,779
2528,1,4.02,60
255,,,
2551,8,11.72,84
2549,4,14.22,99
256,,,
2541,1,1.86,100
2561,150,152.33,299
2562,135,116.9,169
2548,6,10.44,30
2555,7,10.99,79
2563,125,168.78,289
257,,,
2550,4,17.28,779
2557,4,9.83,149
2569,3,8.35,16
2552,5,10.58,99
2568,4,7.17,140
2571,5,13.17,499
2553,5,16.98,32
2554,6,12.6,25
2572,4,9.07,125
2575,1,2.01,53
2573,3,6.94,12
2576,1,1.55,12
2565,3,8.78,75
2560,105,142.4,280
258,,,
2577,1,1.46,4
2581,1,1.74,49
2567,3,6.81,30
2574,4,7.14,50
2579,1,1.5,6
2580,1,1.59,8
2570,3,7.72,40
2582,1,2.02,75
2585,1,1.7,49
2586,1,1.16,5
2578,1,2.05,50
2584,1,1,1
2583,1,1,1
259,,,
2547,8,13.85,87
2545,8,11.31,99
2588,1,1.08,2
2589,1,2.42,55
2587,1,2.08,50
2596,149,138.6,222
2594,199,244,350
2592,169,151,210
2595,129,150.4,248
26,,,
2598,3,7.55,55
2601,4,7.01,65
2599,3,9.59,200
2603,1,3.37,340
260,,,
2602,3,7.29,22
2605,1,1.63,20
2600,3,9.3,125
2591,99,116.08,180
2604,1,1.45,5
261,,,
2607,2,1.55,65
2611,1,1.03,2
2608,1,1.63,25
2610,1,1.05,2
2606,1,1.41,5
2609,1,1.6,49
2612,1,1.06,2
2615,1,2.43,55
2616,1,1.04,2
2614,1,1.13,5
262,,,
2613,1,1.2,3
2620,599,689.75,940
2617,16,61.8,210
2619,90,68.32,119
2622,15,26.83,175
2621,29,39.76,300
2618,25,56.05,139
2627,119,111.84,185
2626,2,3.46,50
2628,119,142.88,550
2624,1199,623.25,999
2625,40,29.9,69
2634,4,7.53,90
2631,6,7.79,75
2636,4,7.43,40
2637,4,6.57,15
2633,5,7.54,18
2623,2,3.06,49
2638,5,7.1,30
2639,1,1.33,5
264,,,
2640,1,1.49,40
2632,5,7.72,99
2641,1,1.61,54
2630,79,114.66,249
2642,1,1.14,6
2629,89,129.47,185
2556,6,10.55,32
2635,5,9.02,222
2645,1,2.24,150
2643,1,1.28,5
2644,1,1.99,100
263,899999,6500,6500
2646,1,2.07,75
2647,1,1.31,10
2649,1,1.3,6
2648,1,1.62,40
265,,,
2651,1,1.53,25
2650,1,1.24,4
2652,1,1.15,5
2654,1,1.07,3
266,,,
2656,1,2.04,50
2659,1,1.16,5
2658,1,2.36,59
2655,1,1.18,5
2657,1,1.32,25
2662,1,1.03,2
2661,1,1.05,3
2660,1,2.32,69
2665,82,110.35,175
2664,79,101.09,170
2663,90,119.76,250
2666,99,116.19,349
2668,4,7.18,85
2667,4,7.38,79
267,,,
2676,1,1.91,75
2559,190,204.25,699
2677,1,1.41,15
2564,289,208.36,299
2679,1,1.53,23
2670,4,7.14,15
2678,1,1.61,49
2674,4,6.68,20
2669,4,6.8,20
268,,,
2675,1,1.35,20
2681,1,1.17,3
2671,4,7.99,35
2680,1,1.14,3
2672,4,7.77,32
2683,1,1.26,2
2685,1,1.2,3
2684,1,1.53,39
2686,1,1.17,5
2687,1,1.23,7
2688,1,1.08,2
269,,,
2597,3,7.8,100
2593,199,176.75,275
2689,1,8.28,235
2690,1,1.21,6
2691,1,1.35,10
2694,1,1.51,5
2566,3,6.76,13
2699,1,1.74,15
2698,1,1.06,2
2693,1,1.04,2
2697,1,1.02,2
27,,,
2695,1,1.12,4
2692,1,1.05,2
2696,1,2.03,39
270,,,
2704,74,136.34,500
271,,,
2708,5,7.74,14
2700,2,2.52,65
2712,4,6.65,69
2710,4,8.33,200
2701,2,4.8,29
2715,1,1.32,4
2713,3,8.9,139
2558,150,160.5,210
2714,2,1.6,7
2711,5,6.56,25
2706,4,7.38,100
2717,1,1.19,4
2705,99,153.52,599
2707,4,6.61,16
2716,1,1.16,3
2702,98,121.88,200
2718,1,1.24,17
272,,,
2719,1,1.32,10
2720,1,1.36,4
2673,6,7.61,50
2725,,,
2723,1,1.35,8
2726,1,1.28,3
2682,1,1.39,8
273,,,
2709,5,6.71,70
2721,1,1.36,4
2703,225,154.04,299
2727,1,1.16,4
2732,1,1.45,16
2590,1,1.69,20
2724,2,1.24,4
2730,1,2.03,30
2728,1,1.17,7
2733,1,1.05,2
2722,1,1.56,7
2735,1,1,1
2737,,,
2734,1,1.05,2
274,,,
2741,75,136.82,399
2738,1,1.76,55
2653,1,1.14,4
2743,106,143.65,232
275,,,
2740,97,121.22,299
2744,4,6.46,12
2745,4,6.64,19
2746,4,8.62,111
2747,5,7.67,25
2731,1,1.04,2
2739,1,1.44,16
2750,5,7.74,100
2736,1,1.09,3
2729,1,1.05,2
2742,68,122.68,185
2752,2,1.51,7
2748,4,7.5,99
2754,1,1.18,2
2751,4,8.3,91
2755,1,2.35,85
2749,5,8.69,100
276,,,
2757,2,1.49,4
2758,1,2.2,64
2753,1,1.33,7
277,,,
2768,1,1.11,4
2763,1,1.47,15
2772,1,1.04,2
2765,1,1.09,3
2756,1,2.09,42
2776,289,318.17,800
278,,,
2764,1,1.1,3
2771,1,1.76,16
2759,1,1.29,4
2774,1,3.32,150
2760,1,1.44,7
2778,99,151,205
2777,10,28.9,46
2762,1,1.82,60
2781,80,177.26,527
2779,32,39,249
2770,1,1.06,2
2775,1,1.12,3
2761,2,1.69,75
2766,1,1.07,2
2767,1,1.04,2
2780,60,108.4,150
2773,1,1.1,2
2783,59,108.71,155
2782,85,121.65,400
2789,4,6.51,12
2787,3,6.73,12
2788,5,7.45,20
2790,5,7.79,149
2786,4,7.05,16
2792,1,1.13,2
2784,4,6.59,12
2793,1,1.17,2
2796,1,3,93
2795,2,2.96,111
2798,2,1.78,7
280,,,
28,,,
279,,,
2797,1,1.35,7
2800,2,4.1,97
2806,1,1.92,35
2805,1,1.04,2
2807,1,1.12,2
2769,1,1.03,2
2809,1,1.06,2
2801,1,1.45,3
2808,1,1.21,2
281,,,
2810,1,1.03,2
2811,1,1,1
2813,1,1.74,25
2802,1,1.43,2
2814,1,1.19,5
282,,,
2819,64,107.76,229
2820,75,111.67,185
2818,125,126.63,175
2816,1,2.74,49
2815,1,1.03,2
2817,3,3.24,99
2822,10,9.09,90
2821,90,123.64,185
2823,3,6.49,50
2785,5,8.59,101
2791,4,6.84,15
2826,5,9.9,135
2829,5,9.15,150
283,,,
2799,1,1.33,2
2812,1,1,1
2827,4,7.07,35
2794,1,2.59,50
2824,4,6.24,55
2825,4,6.72,99
2828,5,6.16,11
2830,1,1.38,7
2804,1,1.04,2
2832,1,2.87,50
2803,2,1.51,15
2837,29,1.49,6
2839,1,1.39,4
2838,1,1.23,3
2831,1,1.25,6
2833,1,1.07,2
284,,,
2835,1,1.28,4
2840,1,1.06,2
2834,1,1.98,40
285,,,
2836,1,1.49,3
2842,1,1.16,5
2841,1,2.12,80
2845,1,1,1
2847,2,1.13,3
2846,1,1.13,3
2843,1,1.08,3
2850,1,1,1
2852,1,1,1
2844,1,1.05,2
2849,1,1,1
2851,1,1,1
2857,18,32.29,91
2848,1,1.09,2
2858,64,100.39,199
2854,264,165.22,428
2855,29,35.91,110
2853,1,1.04,2
2856,350,164.67,299
286,,,
2861,59,102.44,255
2862,3,6.1,16
2865,4,7.15,80
2866,4,6.41,82
2867,5,6.5,105
2868,5,7.4,29
2870,1,1.27,6
287,,,
2871,1,1.03,2
2860,68,91.57,160
2879,1,1.28,3
2880,1,1.14,2
2881,1,1.15,4
2859,65,110.24,175
2864,4,8.62,127
2882,1,1.06,2
2863,6,8.88,44
288,,,
2883,1,1.14,5
2869,4,6.95,14
2878,1,1.29,6
2876,1,1.52,5
2884,1,6.75,300
2872,1,1.49,19
289,,,
2886,1,1.76,40
2875,1,1.37,3
2873,1,1.13,3
2889,1,1.18,5
2885,1,1.11,2
2887,1,1.29,5
2888,1,1.17,4
2891,1,1.09,3
2877,1,1.55,25
2894,113.89,113.89,450
2890,1,1.03,2
2893,1,1.15,2
29,,,
2895,95,148.59,350
2892,1,1.15,3
2896,120,117.12,400
2874,1,1.25,4
291,,,
2901,7,6.58,44
2906,2,1.39,2
2897,120,169.22,700
2898,6,7.2,19
2907,1,1.3,4
2905,4,7.34,80
2904,5,7.4,124
2908,2,1.46,6
2899,5,6.73,110
2912,1,1.53,5
292,,,
290,,,
2918,1,1.31,8
2902,6,5.98,15
2913,1,1.27,4
2920,2,1.23,5
2916,1,1.29,2
2919,1,1.03,2
2921,1,1.06,2
2922,1,1.06,2
2910,1,1.2,3
2914,1,1.36,8
2909,1,1.55,3
2924,1,1.53,19
2923,1,1.28,3
2915,1,1.25,5
2900,4,6.84,115
2927,1,1.58,3
293,,,
2929,1,1.15,2
2903,7,7.06,160
2934,337,158,398
2928,1,1.82,20
2926,1,1.77,10
2939,19999,2073,3495
2925,1,1.12,2
2932,110,138,200
2930,199,120.2,350
294,,,
2936,150,118.13,250
2931,40,34.81,70
2935,15,21.79,65
2945,200,257.79,899
2944,121,107,160
2946,150,132.76,250
2942,175,108.8,199
2941,99,137.27,600
2948,89,106.53,270
2917,1,1.19,3
2911,1,1.48,4
2943,190,135.27,200
295,,,
2950,59,78.93,165
2949,65,106.43,300
2940,100,119.05,400
2947,65,104.41,209
296,,,
2953,4,4.78,18
2933,15,29.21,105
2938,1999,1895.67,2049
2957,4,5.86,11
2937,22,19.91,30
2952,4,5.15,20
2954,5,6.31,19
2951,99,103.5,180
2956,4,5.46,99
2960,3,4.87,20
2959,4,4.56,10
2966,4,4.91,11
2964,13,9.68,215
2955,4,5.15,13
2958,3,4.55,15
2962,4,5.59,19
2968,4,5.26,40
2969,2,1.37,19
2961,4,6.84,130
297,9100,9100,9100
2963,3,4.88,12
2971,1,2.32,65
2965,3,5.27,75
2977,1,1.52,22
2967,4,6.91,101
2972,1,2.08,49
298,,,
2985,1,1.38,10
2975,1,1.71,21
2984,1,1.8,30
2973,1,1.69,30
2991,184,184,269
2974,1,2.25,99
2987,1,3.42,35
2981,1,2.35,40
2988,1,2.79,49
2970,2,1.41,15
2983,1,1.19,5
2979,1,1.14,5
2986,1,2.61,45
2980,2,1.28,24
2990,1,3.68,60
299,,,
2976,1,3.19,105
2978,1,1.44,10
2995,3200,574.75,1100
2989,1,2.02,19
2992,600,400,400
2994,10,18.63,45
3,,,
2997,1,1.5,56
3000,2,1.97,16
300,,,
2982,1,3.4,108
3002,1,1.69,75
2993,25,26.3,56
2999,1,1.92,100
3006,2,5.09,69
301,,,
3001,12,17.06,80
3012,1,1.52,25
3005,1,1.45,50
30,,,
3010,35,81.48,444
3007,1,1.76,39
2996,35,70.63,125
3011,14,21.9,615
3003,1,2.13,245
3009,1,2.95,15
3008,1,3.31,75
2998,13,40.64,280
302,,,
3014,1,1.45,49
3018,1,1.22,10
3004,1,2.65,225
303,,,
3016,1,1.49,35
3025,1,2.57,225
3022,1,2.71,300
3028,1,2.26,9
3019,20,32.38,850
3017,1,1.26,9
3013,1,1.38,20
3024,1,1.61,10
3030,6,13.2,99
3027,1,1.39,15
3021,1,1.5,99
3031,1,1.36,40
3023,2,1.7,8
3026,1,1.73,99
3034,19,33.09,499
3037,1,1.92,74
3035,2,1.96,199
3032,1,1.67,50
3036,4,6.16,250
3033,12,24.2,89
304,,,
3039,1,3.04,250
3029,1,3.55,250
3020,1,1.66,44
305,,,
3015,1,1.18,9
3048,1,1.91,75
3042,1,2.11,155
3045,1,1.24,8
3043,1,1.93,10
3041,2,6.57,200
3051,1,1.2,5
3049,1,1.58,50
3056,1,1.23,5
3044,1,4.69,400
3058,2,3.11,89
3046,31,37.46,5000
3059,1,1.41,50
3054,1,2.56,45
3053,1,1.43,105
306,,,
3052,18,42.65,265
3057,2,2.58,199
3047,1,2.36,269
3040,1,2.38,235
3050,2,3.23,400
3038,1,1.41,35
3061,1,1.64,43
3065,1,2.54,163
3064,5,4.47,500
3066,1,1.2,5
3063,1,1.76,100
3060,1,1.24,8
3067,1,1.34,43
3062,1,1.87,72
307,,,
3072,1,1.56,79
308,,,
3055,1,1.81,98
3075,1,2.61,275
3081,4,6.02,29
3077,5,12.15,33
3070,1,2.09,155
3086,4,10.59,38
3068,1,1.78,29
3069,6,4.35,80
3089,4,5.32,15
3092,4,6.43,100
3074,1,1.73,199
3090,3,8.69,99
309,,,
3093,5,9.71,36
310,,,
3087,5,5.04,12
3079,4,5.45,11
3082,3,6.07,16
3073,29,89.96,350
3071,1,1.33,6
3076,1,1.33,6
3094,4,7.87,99
3101,,,
3088,5,6.6,49
3104,5999,4600.5,5001
3102,,,
3096,3,5.87,80
3105,3000,3537.5,4950
3107,20,62.08,152
3099,,,
311,,,
3084,5,10.2,39
3091,14,21.98,50
3109,41,109.31,399
3110,4,6.27,125
3083,3,5.11,9
3097,3,6.5,15
3095,4,5.79,24
31,,,
3078,3,5.7,50
3085,4,5.96,50
3100,,,
3112,4,5.79,11
3111,5,7.71,100
3080,4,7.1,79
3114,3,7.05,15
3116,4,6.05,12
3103,2000,4639,5999
3115,7,10.16,40
3113,4,6.79,150
312,,,
3118,1,1.07,2
3117,3,5.86,17
3123,1,1.14,3
3125,1,1.07,2
3122,1,5.08,240
3128,1,1,1
3127,1,1.22,2
3106,6500,8500,8500
3121,1,1.51,13
3124,1,1.24,5
3132,1,2.19,20
3131,1,2,13
313,,,
3129,1,2.56,15
3133,1,2.23,25
3134,1,1.08,6
3135,1,4.5,50
3136,1,1.92,23
3098,5,5.84,28
3108,12,42.76,150
3120,2,1.47,35
3119,1,1.81,35
314,,,
3137,2,1.12,5
3143,2,1.51,40
3139,1,1.13,3
3142,1,1.56,8
3147,2,1.36,10
3146,1,1.05,3
315,,,
3150,1,6.15,130
3149,1,3.39,53
3138,1,1.07,3
3141,1,5.08,50
3144,1,1.21,5
3145,1,2.64,19
3153,1,1.16,4
3156,1,1,1
3155,1,1.08,5
3140,1,2.16,25
316,,,
3151,1,1.04,2
3152,1,1.06,5
3130,1,1.03,5
3126,1,1.86,29
3166,26,37.29,69
3160,89,266.18,619
317,,,
3165,9,15.56,26
3162,195,374.32,750
3164,12,25.27,150
3148,1,1.06,7
3154,1,1.3,8
3161,145,266.05,399
3163,99,205.46,358
3168,22,51.24,179
3169,10,17.69,38
3170,27,25.85,95
3171,10,18.49,35
3158,228,328.78,599
3167,13,30.96,62
3157,1,1.14,35
3159,90,281.98,1000
3174,20,24.09,100
3179,1,1.64,20
3182,2,1.61,75
3177,6,1.66,17
3180,1,1,1
3178,1,1.19,4
318,,,
3185,1,1.07,3
319,,,
3172,7,13.93,25
3176,1,1.3,17
3184,1,1.62,25
3173,20,23.93,45
3188,1,1.04,3
3187,1,1.64,10
3191,1,1,1
32,,,
3183,1,1.14,2
3190,1,1.16,6
3181,1,1,1
3175,15,27.29,199
3196,1,4.53,100
3195,1,1.12,4
3186,1,1.72,10
3204,1,1,1
3201,1,1.71,50
3197,1,1.03,2
3193,1,1.86,20
3199,1,1.09,3
3192,1,2.32,44
3198,1,1.42,5
3203,1,1.2,6
3209,1,2.96,30
3200,1,1.46,10
321,,,
3205,1,4.7,213
3208,1,5.8,150
3202,1,1.02,2
3211,1,6.04,125
3194,1,1.08,2
3189,1,1.05,2
3206,1,1.01,2
3210,1,1.05,2
3213,1,1.06,3
3207,1,1.35,75
3212,1,1.33,52
3215,1,1,1
322,,,
3214,1,1.07,2
320,,,
3216,1,1.05,2
3218,1,2.27,15
3226,11,31.61,60
3224,24,41.62,195
3217,1,1.02,2
3221,1,2.82,65
3225,5,12.72,25
3219,1,1.91,47
323,,,
3223,1,4.29,50
3229,5,20.91,35
3231,6,14.04,95
3233,1,2,25
3234,1,1.41,4
3220,1,4.85,75
3236,1,1.16,3
3228,6,16.32,149
3232,12,36.04,89
3227,11,35.29,250
3235,2,1.66,7
324,,,
3237,1,1.38,9
3240,1,1.64,7
3241,1,1.7,34
3230,11,29.09,99
3245,1,2.48,30
3222,1,1,1
3242,1,1.93,44
3246,1,1.74,25
3239,1,1.23,14
325,,,
3248,1,1.73,50
3243,1,1.24,3
3251,1,1.32,3
3249,1,1.45,8
3247,1,4.29,260
3252,1,1.05,3
3238,1,1.56,7
3254,1,1.04,2
326,,,
3257,1,1,1
3250,1,1.19,7
3244,1,1.73,20
3253,1,1.45,10
3258,1,1.43,9
3261,1,1.04,3
3255,1,1,1
3256,1,1.13,5
3259,1,1.5,9
3262,1,1.95,20
3263,1,1.04,2
3265,1,1.16,7
3266,1,1.1,4
3271,1,1.4,10
3273,1,1.03,5
3260,1,1.18,5
3268,1,1.4,26
3272,1,2.17,169
3264,1,1.36,10
3267,1,1,1
3276,1,1.07,2
3270,1,1,1
3277,1,1.2,5
3284,1,1.07,2
3279,1,1.05,2
3281,1,1.67,22
328,,,
3278,1,1.1,10
327,,,
3269,1,1,1
3282,1,1,1
3286,1,2.57,15
3287,1,1,1
3288,1,1.25,5
3285,1,1.06,2
3275,1,1.29,3
329,1000000,40712,40712
3290,1,1,1
3280,1,1.09,2
3289,1,2.56,29
3292,1,1.25,6
3274,1,1.02,2
3283,1,1.07,2
3294,1,1,1
3295,1,1.94,29
330,,,
33,,,
3293,1,7.47,447
3298,1,2.5,35
3296,1,1.09,2
3291,1,1.16,3
3301,1,2.13,17
3297,1,1.24,3
3299,1,1.78,15
3300,1,1.64,10
331,,,
3314,8,28.29,299
3305,1900,1488.88,1800
3309,12,11.95,500
3313,3,9.62,65
3306,2500,3758.25,4500
3303,1,3.83,100
3302,1,2.3,25
3318,1717,1717,1717
3320,259,180.61,299
3315,8,12.52,27
332,,,
3310,5,14.23,25
3323,6,6.26,20
3304,1,1.17,3
3317,41,58.81,225
3311,8,11.51,199
3321,10,7.98,29
3316,5,11.16,79
3324,5,6.94,20
3307,17,27.2,199
3308,12,14.46,115
3326,4,6.83,75
333,,,
3312,8,11.03,28
3325,5,6.31,56
3328,9,8.1,20
3319,199,138.2,550
3331,7,6.76,13
3332,4,4.85,10
3330,4,7.66,150
334,,,
3327,5,6.82,50
3335,5,12.16,75
3342,11,24.02,39
3337,6,6.62,13
3340,2,3.04,199
3341,41,41.98,190
3344,2500,1917.75,4150
3339,1,1.98,150
3346,10,18.17,499
335,,,
3347,6,8.31,15
3349,8,13.25,99
3352,9,11.6,140
3345,3,9.61,150
3338,1,2.04,88
3334,4,5.52,40
3351,4,11.31,89
3343,29,73.22,750
3322,7,6.65,79
3350,4,9.36,27
3348,5,12.37,70
3329,5,7.18,111
3355,4,7.26,16
3333,8,9.14,25
3354,6,10.53,22
3336,6,10.39,50
3356,5,10.99,100
336,,,
3353,5,7.42,17
3357,1,1.1,2
3358,1,1.26,15
3361,1,8.86,100
337,,,
3364,1,1,1
3360,1,2.88,93
3362,1,1.23,6
3363,1,2.02,111
3368,1,1.48,50
3366,1,1,1
3367,1,1.44,25
3359,1,1,1
3369,1,1.17,3
338,,,
3372,1,3.71,30
3370,1,1,1
3373,1,1.21,5
3371,1,1,1
3381,1,1,1
3383,1,1.59,25
3377,1,1,1
3375,1,2,9
3380,1,1.03,2
3386,1,1.16,3
3376,1,1.12,2
3365,1,1.24,17
3382,1,1.68,46
339,,,
3378,1,1.39,4
3374,1,1,1
3387,1,2.5,10
3385,1,1.06,2
3388,1,1.39,10
3393,41,31.69,70
3384,1,1,1
3379,1,1,1
3389,1,2.21,100
3394,9,10.24,99
3399,15,16.88,49
3395,70,103.42,230
3391,18,28.86,199
3401,185,164.28,399
340,,,
341,,,
3406,29,29.44,200
3396,9,10.1,69
3400,15,31.25,200
3390,1,1.44,6
3408,12,12.55,115
34,,,
3402,47,48.78,129
3392,44,17.89,50
3398,20,25.69,109
3410,250,129.62,475
3407,12,10.94,75
3409,21,19.42,199
3405,10,13.81,90
3412,350,136.86,350
3413,84,63.39,199
3415,88,70.76,99
3414,15,16.39,199
3416,300,128.46,1000
3404,22,17.45,399
3418,25,16.17,39
3411,65,45.03,95
3397,32,34.3,52
342,,,
3403,155,173.81,1499
3419,199,154.87,280
3417,7,11.57,25
3421,19,10.83,100
3425,18,19.68,99
3424,410,382.45,2600
343,,,
3427,1,2.13,59
3429,1,1.93,125
3430,1,1.14,3
3432,1,1,1
3422,61,52.7,425
3420,32,35.26,79
3426,1,2,15
344,,,
3423,20,14.69,25
3438,1,1.11,10
3434,3,2.05,51
3436,1,1.53,45
3442,1,2.08,32
3431,1,1.37,10
3435,1,1.62,11
3439,1,1.58,15
3433,1,1.27,8
3437,1,1.17,3
3443,1,1.87,10
3441,1,2.18,20
3440,1,1.05,2
3444,1,2.97,35
3446,1,1.13,2
3449,1,1.06,2
345,,,
3453,1,1.17,5
3448,1,1.06,2
3450,1,1,1
3459,20,16.82,99
3454,1,1.83,20
3455,1,2,20
3456,1,1.6,15
3460,39,16.58,32
3445,1,1.45,10
3463,3499,5648,10500
3462,9,9.27,30
346,,,
3451,1,1.46,30
3461,22,17.03,59
3428,1,3.15,29
3464,5300,643.19,1250
3469,4,4.68,99
3471,7,6.34,15
347,,,
3466,23,27.57,199
3447,1,1.06,3
3452,1,2.25,25
3467,7,15.08,45
3457,1,1.38,10
3465,39,28.69,249
3470,9,7.09,15
3458,6,12.6,39
3473,5,6.71,15
3476,7,6.02,39
3474,4,4.67,50
3472,4,4.71,12
348,,,
3475,5,4.89,45
3468,8,13.2,128
3481,13,17.56,120
3482,17,20.34,125
3486,109,362.43,495
3488,600,688.28,2173.6
3487,150,392,475
349,,,
3485,8000,3797,4249
3483,32,27.44,100
3478,1,1.56,20
3484,120,236.23,332
3489,250,248.24,339
3479,1,2.31,85
3491,130,219.68,377
3490,297,290.7,499
3480,1,1.44,18
3492,309,456.18,590
3477,1,1.17,10
3493,215,291.13,450
3495,13,13.91,99
3494,149,361.33,555
3498,15,15.71,33
35,,,
350,,,
3496,10,20.11,100
3499,15,14.09,65
3500,19,14.16,30
3504,16,13.68,27
3506,30,16.59,41
351,,,
3508,20,16.96,149
3509,25,14.84,24
3505,18,16.09,125
3497,14,13.91,25
3511,18,16.31,38
3502,20,19.87,79
3501,8,11.18,59
3503,20,17.8,35
3515,1,1,1
3510,14,14.21,50
3507,18,21.83,129
3514,1,5.21,100
352,,,
3520,1,1.15,17
3524,1,1.13,2
3512,1,1.19,2
3528,1,1.19,3
3517,1,1.69,10
3529,1,1.48,8
3530,1,1,1
3519,1,3.61,25
3522,1,1.03,2
3513,1,2.5,25
3521,1,1.23,15
3518,1,4.47,67
3536,1,7.6,100
3516,1,7.08,89
3538,1,1.04,2
3523,1,1.11,2
3526,1,5.9,50
3527,1,1.77,17
3535,1,1.25,3
3540,1,1.19,20
3533,1,1.25,3
354,2,19.51,1000
3525,1,1.15,2
3539,1,1.06,2
3544,1,2.21,100
3545,1,1.32,5
3534,1,1.35,5
3532,1,1.29,3
353,1,4.81,110
3537,1,1.14,2
3531,1,1.05,2
3541,1,1.21,5
3542,1,3.2,33
3547,3,3,3
3543,1,1.29,3
3551,19,20.23,79
3546,1,1.19,5
3552,3,7.22,16
3555,5,7.11,35
356,1,16.61,987
3550,30,20.03,99
3557,3,6.23,40
3559,3,6.23,13
3558,4,7.07,99
3560,5,7.59,69
3563,15,10.4,25
3564,4,6.71,15
3568,1,1.68,16
3562,7,9.09,75
3548,670,685.39,2131.6
3565,1,1,1
3567,1,1.33,5
3569,1,1,1
3549,40,37.42,100
3566,1,1.29,5
3556,9,9.13,22
355,1,15.85,1200
3553,14,13.25,125
3561,5,7.64,17
3554,15,8.85,15
3575,1,1.31,29
3574,1,1.34,5
3578,1,2.2,11
3576,1,1.26,9
3579,1,2.56,15
3577,1,1,1
3570,1,1.63,11
358,1,6.28,807
3582,1,2.36,30
3571,1,2.32,175
3572,1,1.22,4
357,1,5.8,599
3583,1,1.25,15
3573,1,1.75,29
3585,1,1.88,100
3581,1,3.18,106
359,1,6.6,1400
3584,1,3.08,50
3580,1,1.12,3
3588,1,1.03,2
3589,1,1.36,10
3591,1,1.35,5
3590,1,1.76,50
3586,2,1.46,10
3595,1,3.05,22
3594,1,2.41,25
3601,5,7.05,20
3604,4,5.85,25
3605,7,7.71,50
3602,3,4.8,25
3603,5,4.21,11
36,,,
3587,1,1,1
3596,2,1.47,40
3592,1,1.21,3
361,1,6.32,475
3593,2,1.26,4
3613,24,9.03,23
3612,19,19.69,150
3606,4,5.3,50
3611,9,8.93,55
3609,4,4.42,15
3614,9,8.94,39
3597,1,2.15,29
3599,1,1.92,49
3615,18,29.58,74
3617,15,17.2,75
3610,17,11.35,99
3608,3,6.37,55
3619,65,29.6,250
3621,80,96.71,175
360,1,4.76,150
3622,888,834.89,1689
3620,9,8.01,49
3626,500,75.06,380
3625,71,49.5,62
3627,89,78.7,196
3630,99,268,369
3618,22,24.09,59
3637,129,169.73,350
3623,599,721.2,999
363,1,5.13,296
3624,58,53.62,79
364,1,19.48,250
3635,95,221.34,385
3640,21,16.07,125
3639,35,17.31,90
3632,185,320.53,550
3633,299,290.37,400
3636,272,192.37,300
3642,40,27.34,175
3638,99,211.11,400
3629,95,183.56,369
3628,220,100.68,146
3646,24,15.86,179
3648,40,27.46,159
3647,20,16.44,36
3644,13,14.28,89
365,1,4.63,175
3651,11,10.25,22
3650,40,19.77,110
3652,14,15.59,100
3649,20,13.06,45
3643,10,10.43,20
3655,9,13.95,88
366,1,5.33,303
3656,19,14.56,30
3659,20,19.4,158
3664,1,1.53,29
3653,58,20.92,75
3665,2,1.15,10
3668,1,1.48,10
3658,65,36.69,300
3654,12,17.4,400
3663,14,15.39,30
3667,1,1.11,9
3666,1,2.86,112
3661,35,30.84,49
3660,12,14.34,20
3662,39,28.78,46
367,1,5.13,450
3657,9,11.9,55
3670,1,1.17,4
3671,1,1.07,3
3674,1,1.74,20
3669,1,1.36,5
3672,1,1.18,3
3673,1,1,1
3675,1,1.69,99
3680,1,1.09,3
368,1,6.3,300
3677,1,2,25
3676,1,1.95,15
3681,1,1.39,10
3684,1,1.22,3
3686,1,2.35,25
3687,1,1,1
3678,1,1,1
3683,1,1.24,17
3688,1,1.01,2
3679,1,1,1
3682,1,1.63,20
3689,1,1,1
3690,1,6.31,145
3691,1,1.38,15
3607,4,4.58,50
3692,1,2.85,49
3696,1,1.05,2
3685,1,3.55,25
3695,1,1,1
3694,1,6.3,100
3701,97,118.87,250
3699,235,274.33,599
3698,950,2403.33,5069
3641,50,21.8,99
3703,84,97.05,160
3693,1,1.11,2
3702,119,82.83,170
370,1,11.69,249
3616,39,33.84,133
3706,475,710.07,2173.6
3711,375,495.96,625
3710,275,292.58,366
3713,69,95.4,199
3598,1,1.09,3
3645,11,11.78,21
3712,275,345.21,870
369,1,6.97,150
3708,98,95.25,175
3697,49,49,49
3634,209,275.87,525
371,1,11.46,750
3709,850,666.45,2599
3718,90,134.98,527
3714,250,331.8,545
3716,620,503.42,699
37,,,
3704,575,672.87,899
3719,155,187.68,300
3717,499,520.33,688
3724,1195,1728.39,2250
372,2,14.2,5000
3700,165,166.18,245
3727,15,17.7,110
3729,1,1.49,20
3720,79,102.1,159
373,4,55.26,1600
3725,75,157.38,300
3728,16,8.21,125
3731,550,902.13,1699
3730,1,1.27,8
3705,205,185.48,250
3733,600,380.75,600
3715,115,92.66,175
3732,580,352.58,670
3736,101.26,101.26,178
3737,64,46.33,90
3631,65,135.11,369
3722,385,373.68,420
3726,10,9.25,100
3721,75,102.47,250
3707,220,204.77,356
3735,59,66.04,199
3739,7,16.28,29
3745,8,8.91,65
3742,5,14.92,99
3740,4,11.92,69
3734,69,73,289
362,1,5.1,99
3738,39,35.15,45
3746,7,7.74,124
3723,125,81.79,150
3741,16,18.78,44
3748,6,7.56,15
3743,4,11.85,85
3751,8,7.84,109
375,1,5.2,490
3754,4,5.75,25
3752,6,6.81,16
3753,4,6.08,80
3757,5,4.7,13
374,1,6.09,198
3756,6,5.09,11
3755,21,10.56,60
3758,10,7.11,22
3760,8,4.94,17
3761,5,5.51,14
3747,20,10.09,30
376,1,5.19,499
3762,5,5.65,70
3763,5,5.35,55
3765,21,14.19,139
3744,5,9.39,30
3749,6,8.71,55
3750,9,10.46,79
3766,5,4.47,15
3764,5,5.45,12
3759,6,4.4,9
3767,5,5.07,12
3768,5,4.28,8
3771,7,8.86,99
377,20,252.22,2222
3769,4,6.4,12
3775,9,15.84,100
3772,6,6.33,41
3774,10,10.83,200
378,14,96.37,500
3782,1,1.33,15
3773,6,6.55,12
3783,25,13.67,30
3770,8,10.04,99
3779,7,9.89,25
3785,30,56.18,100
3786,14,19.6,271
3776,5,5.79,11
3784,15,47.13,80
3777,8,7.39,14
3790,19,59.89,165
3778,15,11.3,50
3791,13,20.25,49
3794,67,65.39,210
3792,9,23.23,40
3795,6,15.14,50
379,5,58.89,275
3781,22,23.09,199
3793,12,29.06,110
3780,8,6.82,19
3788,13,17.84,31
38,,,
3797,16,36.51,109
3789,12,19.45,50
3798,99,100.05,169
3787,10,61.99,140
3799,130,106.38,150
3801,95,109.29,230
380,17,241.99,4499
3796,9,18.76,81
3804,316,466.18,1958.61
3802,275,219.74,400
3806,290,246.58,333
3800,69,88.48,150
3803,399,453.9,2176.23
3813,250,207.06,388
3807,199,236.17,388
3810,100,163.36,350
3809,79,105.8,175
3805,275,276.03,399
381,5,59.65,299
3814,37,33.17,75
3817,5,8.74,69
3815,23,14.65,37
3816,14,10.87,30
3808,229,284.57,695
3824,15,15.03,34
3822,14,16.02,200
3821,90,55.28,349
3820,20,12.06,100
3827,26,16.23,28
3826,13,11.48,30
382,148,810.9,3000
3829,49,41.27,80
383,275,677.01,1559
3830,13,5.94,14
3828,9,10.13,20
3833,45,53.39,199
3823,31,22.07,350
3825,9,13.38,225
3834,39,37.33,111
3832,9,10.51,200
3818,15,14.06,28
3838,19,15.2,50
3835,40,32.29,77
3840,28,30.2,50
3831,11,7.57,55
3839,10,10.29,22
3846,15,22.71,299
3844,9,9.22,99
3836,38,27.17,35
3811,265,189.33,285
3819,45,25.05,46
3812,270,273.14,425
3845,8,6.6,75
3841,16,15.53,26
3848,18,22.83,48
3843,2,2.8,10
3837,39,23.11,48
3850,5,4.63,11
385,299,1553.25,4500
384,300,692.83,2667
3851,8,12.06,199
3852,9,5.45,70
3853,14,15.69,175
3842,27,25.45,49
3847,6,5.45,15
3856,11,8.91,20
3855,5,7.43,39
3849,5,5.42,20
3861,1,1,1
3860,5,8.86,21
3854,4,4.23,45
3863,1,1.06,2
3864,1,1.23,19
3857,4,3.94,24
3859,38,79.15,1199
3869,1,1.38,11
3862,1,1.52,23
3870,1,1.87,19
3858,4,5.8,99
3865,1,2.78,211
387,214,1090.85,4999
3867,1,1,1
3868,1,1.13,5
3873,1,1.09,4
3874,1,1.4,10
386,800,1649.24,3277
3875,1,1.04,3
3866,1,1.04,3
388,1,12.7,425
3876,1,2.26,16
3879,1,1.13,5
3883,1,1,1
3881,1,1.44,15
3882,1,1.15,15
3877,1,1.05,3
3878,1,2.05,14
3872,1,1.26,5
3871,1,1.06,2
3880,1,3.09,73
3888,439,298,329
3889,199,368.33,450
3885,1,2.32,100
3890,750,803.36,2104.04
3886,1,1.33,16
3887,1,1.45,10
3893,129,92.66,526
3892,100,34.92,80
389,1,6.46,259
3884,1,3.64,60
3895,278,137.47,249
39,,,
3897,15,35.74,85
3899,7,6.13,51
390,1,8.26,444
3903,15,25.7,95
3891,100,75.78,270
3900,21,36.12,350
3896,8,17.88,195
3901,7,14.53,199
3894,149,270.03,449
3906,2,1.22,21
3902,13,13.64,27
3904,9,6.65,13
3898,6,5.12,31
3905,5,11.02,100
3907,1,1.49,14
391,3,51.68,1099
3909,1,1.53,20
3910,1,1.36,15
3911,1,1.13,5
3913,1,1.05,2
3912,1,3.79,250
3914,1,1.03,2
3917,1,1.18,19
3908,1,1.05,2
3921,1,1.33,8
3923,1,1,1
3919,1,1.04,2
3916,1,1,1
3920,1,1.14,4
3929,25,5.1,6
3924,1,1,1
3915,1,1.06,2
3925,1,1.03,2
3922,1,1.79,66
3927,67,63.97,375
3931,270,205.47,285
392,1,7.26,100
3932,400,397.97,1517
3933,540,708.83,1275
3918,1,1.51,40
3938,5,5.24,55
3928,39,33.86,199
3930,5,2.47,9
393,1,10.36,555
3940,5,5.15,18
3936,325,244.13,330
394,1,22.65,804
3937,99,123.95,259
3926,12,15.28,22
3934,205,219.19,410
3939,5,6.34,60
3945,15,14.79,45
3935,666,553.8,2176.23
3949,1,1.02,2
3947,6,5.11,59
3941,4,6.83,25
3944,4,5.96,25
3942,6,5.62,49
3959,85,64,99
3943,7,10.55,69
3958,90,71.14,130
3957,1250,683.88,810
3963,1131.17,1131.17,2500
3954,1,1.02,2
3951,1,1.22,10
3964,1999,1133.89,1879
3966,74,74.05,299
3962,50,124.54,489
3965,2500,1100,1350
3967,128,105.39,190
3971,45,51.77,75
3972,74,74.28,115
3950,1,1.54,20
3970,62,62.79,100
3973,47,57.65,105
3946,11,14.98,199
3976,63,53.8,99
3948,42,68.81,999
3953,1,2.99,149
3952,1,1.15,8
3961,61,74.05,550
396,2,19.31,655
3978,5,4.18,11
3979,8,7.96,199
3955,2600,49,49
3969,65,62.43,120
397,1,7.89,280
3974,80,100.05,289
3975,104,83.94,155
395,1,21.91,350
3981,5,5.94,99
3980,4,3.76,15
3985,3,3.77,25
3987,4,3.9,10
3992,1,1.08,2
3996,1,1.07,2
3984,3,3.59,20
3994,1,10.57,106
3998,1,1.05,2
3988,1,1.04,2
3993,1,1,1
3982,4,4.86,60
3986,4,4.16,40
3997,1,1,1
40,,,
3995,1,1.11,2
399,28,168.7,1111
4,,,
3989,3,2.71,349
400,9,106.89,500
4004,64,73.54,149
4002,1,1.4,9
4001,1,1.09,2
4000,1,1.36,11
4008,500,335.56,999
4009,60,125.53,350
4005,2993,2725,3000
4011,99,208.18,485
401,4,42.41,499
4012,12,10.44,16
4013,11,9.85,30
4014,11,10.49,20
4003,500,675.27,1499
4016,13,16.61,150
4019,12,12.91,25
4015,8,10.25,85
4022,1,1.15,4
4017,16,16.96,105
4018,16,19.84,58
4010,295,480.15,1738.88
4023,1,1.28,5
4020,1,1.87,25
402,7,74.15,1700
4025,599,356.67,500
4006,465,580.45,2150.11
4027,40,27.23,59
4021,1,1.35,16
4024,425,200,270
4026,82,33.21,75
4028,160,270.85,445
403,6,48.11,1010
4030,190,197.73,275
3956,79,104.92,350
4032,439,755.5,1200
4029,275,397.79,1738.88
4033,295,355.38,450
4034,150,31.95,149
4036,75,77.1,120
4039,5,5.41,15
4035,300,81.36,125
4038,59,66.48,140
4037,69,63.48,175
4031,488,567.97,2173.6
398,1,13.08,170
3990,,,
4042,4,6.36,70
4044,199,155,316
4043,1799,1500,1500
4046,68,63,144
404,8,51.42,799
3977,4,3.99,49
4040,3,6.51,30
4045,20,22.39,99
4007,95,158.91,300
4049,5,4.23,17
4047,80,60.78,150
3960,79,58.63,78
3991,1,1.19,4
4052,4,3.89,11
3968,88,52.39,80
4054,75,84.56,130
3983,4,4.93,75
4053,4,3.83,11
4058,58,62.42,100
4051,4,3.69,11
4060,4,6.45,100
4041,5,7.08,111
3999,1,1.09,2
4067,4,3.86,40
4048,4,4.03,16
4064,132,96.3,119
405,4,47.09,599
4050,5,3.62,9
4056,79,78.84,159
4071,335,367.3,674
4073,115,188.22,299
4059,12,6.06,25
4072,270,193.7,420
4078,99,76.55,199
408,4,48.43,400
4076,114,110.9,235
4062,125,90.42,139
4068,3,3.43,20
4063,125,102.48,199
4057,250,57.75,77
4055,110,83.21,175
4066,4,3.54,20
4061,5,4.02,39
4077,169,238.98,500
4070,3499,2695.5,3500
4080,4,3.67,35
4065,4,3.33,10
4069,5,3.32,15
406,6,45.76,333
4079,4,4.52,50
4075,404,372.81,1956.24
4085,5,4.84,58
407,5,44.57,200
4087,16,9.37,40
4082,6,5.85,60
4081,7,4.15,10
409,5,58.26,999
4083,5,6.7,85
4084,8,4.29,10
4089,5,5.64,150
41,,,
4074,333,238.98,500
4094,499,400,400
4092,4,4.05,10
4098,1,1.04,2
4093,1250,1250,1250
4097,4750,3713.75,4600
4090,8,7.77,149
4100,1,2.1,26
4102,1,1.2,3
4099,1,1.53,16
4091,7,5.47,25
4095,92,39.5,80
4088,4,4.14,17
4086,5,3.91,7
4107,7,30.5,125
4096,48,40.8,90
410,13,180.67,2499
4101,1,1.19,4
4112,20,17.45,325
4116,5,6.02,47
4120,1,4.29,10
4111,1,5.62,75
4114,2,7.57,21
4117,4,5.31,10
4104,1,1.45,11
4125,3,5,27
4105,1,2.92,20
4123,2,8.87,50
4109,7,10.75,21
4106,3,7.52,15
4103,1,1.49,5
4130,2,5.21,24
4131,3,7.89,25
4127,2,5.98,28
4126,2,4.63,13
4128,2,7.15,40
4129,3,9.09,39
4135,6,11.92,22
4137,52,46.64,106
4138,1450,1500,1500
4108,11,16.87,39
4140,3500,3500,3500
4141,49,49,49
4142,2500,49,49
4113,24,11.43,44
4134,3,9.37,24
4143,105,78.06,120
4149,102.33,102.33,299
4147,100,73.86,105
414,10,119.99,4000
4144,120,119.56,175
4145,60,88.5,150
4124,18,7.66,19
413,10,86.11,500
4148,69,97.07,349
4122,75,13.65,50
4110,16,22.16,150
4151,75,76.33,101
4119,2,5.18,40
412,7,54,550
4118,1,4.24,10
4115,2,7,99
4150,107,107,130
4121,2,5.83,12
4139,25,36.13,83
4133,14,11.82,30
415,66,765.5,12999
4132,3,7.06,16
4152,65,94.91,135
411,6,87.35,500
4155,3,2.92,6
4154,4,3.13,9
4162,3,4.36,99
4163,3,3.13,15
4169,1,1.1,3
416,9,114.81,3500
4167,4,3.11,10
4160,3,4.19,99
417,25,171.65,5000
4159,3,3.65,25
4171,1,1.15,2
4172,1,4.28,100
4173,1,1,1
4136,4,39.77,99
4166,3,3.26,30
4168,3,3.41,25
4164,5,3.84,50
4175,1,1,1
4146,63,66.63,199
4176,1,2,20
4165,9,13.26,299
4174,1,3.67,20
4153,73,59.07,80
418,15,148.42,2000
4179,2,1.21,10
4170,1,1.81,15
4182,1,4.91,25
4180,2,1.2,20
4186,1,1.13,2
4178,1,1.13,2
4158,4,3.33,10
4184,1,2.42,25
4177,1,4.08,50
4188,1,4.74,50
4183,1,6.07,70
419,285,889.21,2750
4157,4,3.05,5
4191,8,22.94,99
4161,4,3.24,6
4192,18,20.54,100
4187,1,1.26,6
4194,19999,49,49
4193,15,24.86,89
42,,,
4198,40,33.43,50
4189,2468,49,49
4156,15,11.64,55
4196,22,26.77,149
420,450,1866.06,6500
4200,44,68.4,299
4181,1,3.79,40
4203,199,177.85,250
4199,48,53.73,99
4190,999,222,222
4201,50,95.18,500
4207,47,44.05,69
4209,50,53.27,69
4202,100,50.3,78
4185,1,3.92,27
4195,1070,487.5,700
4204,29,41.91,85
4211,39,60.72,95
4208,158,96.18,489
4213,69,59.41,125
4212,90,113.27,130
4206,95,76.06,120
4217,70,59.93,149
4222,250,342.71,550
4197,5000,1575.5,1750
4219,200,148,250
4218,25,47.67,120
4215,38,36.24,60
4216,65,57.87,77
4205,65,102.74,200
4221,459,538.38,2176.23
421,870,985.81,1600
4214,210,187.77,260
4210,215,120.34,300
4220,62,71.24,119
422,349,970.95,1700
4224,39,45.5,75
4223,170,161.06,200
4226,38,42.62,52
4228,50,74.38,95
4225,60,52.7,99
4230,39,41.21,69
4231,145,129.14,199
4227,44,50.5,80
4236,65,49.16,120
4229,170,159.6,249
423,1,8.1,699
4234,100,70.36,200
4237,39,49.33,111
4241,500,204.09,340
4239,100,94.5,500
4232,199,128.57,250
4238,30,54.58,99
4233,500,343.07,1825.82
4242,240,368.5,600
4240,90,133.3,500
4246,1,1.24,7
4245,2,1.17,3
4243,1,4.96,149
4250,1,2.03,99
4247,1,1.12,3
424,1,15.75,499
4235,24,37.31,66
4254,1,2.37,100
4253,6,7.86,550
4252,1,1.06,3
425,11,74.86,8888
4248,1,6.03,500
4251,1,1.37,5
4249,1,1.93,8
4255,2,4.11,84
4257,1,1.23,9
4244,1,2.08,99
4259,1,1.15,4
4261,3,1.91,9
4262,2,3.34,299
4263,2,2.28,99
4260,1,1.39,5
4256,1,2.98,160
4269,1,1.25,4
4271,1,1.37,3
4274,2,6.63,518
4273,2,3.38,9
4258,1,2.04,50
4267,1,1.34,12
4275,1,1.33,5
4270,1,1.29,5
4277,2,1.78,5
4276,4,8.14,25
426,1,10.49,1111
4280,1,1.5,5
4279,1,2.14,14
427,1,5.86,400
4278,1,1.41,4
4265,4,5.61,474
4266,5,7.4,750
4281,1,1.33,10
4272,1,2.72,199
4264,1,3.44,350
4282,1,2.44,55
428,1,9.27,1199
4284,2,2.11,16
4287,1,2.89,100
4283,5,6.17,25
4288,2,1.44,6
4268,1,2.21,9
429,7,67.47,5950
430,1,8.77,573
4299,1,1.43,10
4285,1,2.2,75
43,,,
4289,1,1.23,4
4294,1,3.11,200
4290,9,14,100
4298,1,1.75,25
4286,5,12.11,300
4297,1,1.33,5
4292,1,1.77,25
4295,1,1.11,3
4291,1,1.19,3
4302,1,1.66,10
4300,1,2.32,49
4296,1,2.09,50
4308,1,1.41,5
4309,2,1.71,7
4303,1,1.83,45
4306,5,8.28,750
4310,4,6.28,50
4311,3,4.27,20
4315,1,2.11,100
4313,1,2.12,60
4304,1,1.36,8
4318,1,1.57,8
4316,1,2.82,110
431,1,7.68,350
4320,1,2.58,10
4314,1,1.18,4
4324,1,1.73,15
4305,2,1.78,15
4322,1,1.38,5
4330,1,1.08,5
4293,4,9.02,899
4319,1,1.32,3
4329,4,3.09,300
4323,1,1.47,4
4317,2,1.94,35
4331,7,12.28,888
432,1,6.09,156
4307,1,2.17,99
4327,1,1.12,3
433,3,33.23,517
4332,7,13.28,35
4325,1,1.44,6
4328,1,3.56,199
4333,1,1.17,5
4335,1,1.23,3
4334,1,1.84,10
4301,1,1.24,4
4312,9,9.26,26
4338,1,1.33,16
4344,1,1,1
4340,1,1.58,27
4348,1,1,1
4346,1,7,13
4350,1,1,1
4336,1,1.45,5
435,1,4.55,169
4351,1,1,1
4353,1,49,49
4339,1,2.17,5
4355,1,1.14,3
4356,1,1.11,2
4354,1,1,1
4352,1,1,1
4321,1,2.32,49
4345,1,1.13,5
434,1,5.24,1000
4342,1,1,1
4326,1,2.11,12
4360,1,2,4
4349,1,1.06,2
4358,1,1,1
4361,1,1.5,8
4359,1,1,1
4341,3,5.6,500
4357,1,107.31,1383
4347,1,49,49
4337,1,1.66,20
436,1,5.18,440
4365,1,4.64,40
4362,1,1,1
4369,1,1.17,2
4368,1,1,1
4343,1,7,19
4373,1,1.19,3
4364,1,1,1
4377,1,1,1
4374,1,2.17,100
438,1,8.84,130
4363,1,1,1
4383,1,2.25,6
437,1,5.54,222
4376,1,1.33,2
4375,1,1,1
4385,1,1.13,2
4382,1,1.4,5
4384,1,1.39,10
4386,1,5,40
4387,1,1.29,5
4366,2,1.57,4
4370,1,1.38,4
4372,1,1,1
4390,1,1.19,5
439,1,13.45,1555
4371,1,3.17,14
4394,1,1.08,2
4391,1,1.07,2
4389,1,1.55,39
4388,1,2.12,40
4367,1,1,1
4379,1,3.75,12
4392,1,1.48,45
4393,1,1,1
4381,1,1.1,5
4380,1,1,1
44,,,
4378,1,13.25,50
4396,1,1.2,2
4397,1,5.56,40
4398,3,5.58,12
4399,4,4.65,12
4395,1,1.11,2
4405,,,
4409,,,
440,2,17.85,1141
4401,6,4.96,21
4400,7,5.46,59
4413,4,4.94,55
4406,3,4.47,25
4417,4,4.81,35
4415,,,
441,1,5.14,500
4419,4,4.2,29
4411,9,5.18,20
4403,3,4.47,15
4410,3,4.08,7
4418,3,4.11,9
4414,3,5.69,10
4420,4,6.07,79
4416,,,
4404,3,4.01,8
4402,3,3.89,7
4421,6,6.34,99
4423,250,2,2
4424,49,49,49
4408,3,4.16,22
442,4,31.21,1000
4422,5,5.21,10
4426,2475,49,49
4427,50,49,49
4429,20,21.93,75
4425,6,8.23,25
4428,3,3.77,7
443,1,4.89,399
4434,96,90.5,121
4436,11,4.46,20
4435,13,23,45
4431,7,3.46,6
4433,55.8,55.8,80
4440,3,3.6,9
4437,70,70,100
4438,20,23.2,50
4412,4,4.62,11
4407,3,4.97,55
4432,30,26.69,100
4444,90,49,49
4430,47,48,54
4448,150,119,154
445,1,7.73,500
4451,50,49,49
444,2,33.56,2969
4442,105,53.5,65
4441,11,15.89,35
4447,17,22.56,45
4446,7,7.4,35
4449,90,49,49
4460,89,89.17,99
4462,58,60.31,199
4456,24,26.3,47
4463,135,153.33,175
4459,15,16.15,35
4455,8,6.59,15
4467,6,6.36,11
4464,5,5.92,55
4454,7,7.63,12
4461,20,10.97,169
4445,16,15.8,33
4468,30,71.46,150
4443,190,49,49
4458,6,6.02,18
4465,19,20.52,75
446,29,271.64,15000
4469,150,125.25,145
4466,107,96.38,125
4457,130,96.14,128
4453,130,88.83,100
4452,32,34.12,49
4439,6,4.33,9
4450,16,11.5,15
4470,5,4.87,30
447,12,86.41,2000
4474,42,43.5,75
4473,17,15.75,299
4471,21,22.84,60
4475,125,98,113
448,21,96.67,1500
4476,25,9.51,85
4477,46,31.12,49
4480,40.11,40.11,69
4485,35,28.08,188
4481,28,35.56,50
4484,23,18.48,42
4483,9,13.21,20
4490,52,24.15,100
4491,26,13.91,27
4488,22,14.35,165
449,5,45.11,800
4487,12,7.79,32
4489,15,12.23,26
4479,10000,1400,1500
4478,135,91.6,100
4486,14,12.9,25
45,,,
4493,40,23.89,42
4498,60,85.58,154
4494,16,9.75,30
4495,12,9.47,19
4496,50,26.74,69
4492,31,21.56,31
4505,800,133.77,225
4507,280,122,185
4501,250,270.17,375
4482,30,30.71,35
4472,47,67.25,85
450,4,39.52,390
4504,54,49.88,80
4500,250,165.36,500
4499,90,134.36,309
4506,90,75,125
4513,160,184.75,299
4512,55,77.13,125
4509,38,45.43,65
4510,99,84,175
4511,210,172.88,250
4497,14,14.46,30
4517,199,165.63,225
4514,179,145.18,200
4516,220,217.47,300
4502,125,71.88,115
4515,250,242.85,450
4508,105,108.27,130
4519,120,136.67,285
4518,239,256.18,599
4525,850,950,1250
4523,205,185.8,295
4526,550,355.25,550
4524,549,220,250
4520,370,241.72,380
4503,80,76.55,100
4521,49,64.47,99
453,7,83.89,500
4522,80,80.5,165
451,4,43.49,450
4528,500,607.05,1955.02
4533,3333,3333,3333
4527,315,235,275
4536,150,1.5,2
4530,820,387.5,425
4535,49,49,49
4534,37,34.09,89
4529,139,198.67,220
4539,75,94.75,165
4540,150,70,70
4541,23,19.67,80
4537,11,8.05,30
4538,38,38.53,60
4542,48,49,49
4531,199,169.8,190
452,11,86.84,1490
4549,85,53,63
4553,5,4.55,15
4532,230,172.18,550
4546,40,64.67,95
4547,18,18.68,51
454,4,36.08,549
4554,35,25.93,38
4558,10,6.11,45
4544,54,54,69
4545,1100,90,120
456,450,3538.13,20000
4551,14,6,10
4548,6,6.39,13
4556,25,23.56,30
4543,14,13.25,16
4550,25,26.5,124
4561,4,4.25,25
4555,12,7.09,18
4559,55,53,65
455,390,2150.11,15000
4552,60,47.14,64
4563,32,32,45
4557,59,92.2,175
4562,14,20.89,34
4560,35,23.05,59
4564,8,7.47,14
4566,149,79.75,94
4568,25,27.38,59
4573,36,30.93,55
4571,60,22.59,35
4572,125,61.29,99
457,229,1080.46,3000
4570,12,8.28,20
4581,13,13.85,23
4576,4,3.6,6
4579,45,35.57,45
4580,5,4.06,10
4577,29,29.67,59
4565,33,26.95,36
4582,99,50,50
4578,24,21.35,34
4589,35,44.31,133
4588,5,4.14,8
4574,7,6.3,11
4586,23,31.3,59
4597,25,31.4,47
4594,40,32.57,42
4590,40,36,45
4585,4,4.19,8
4567,10,5.95,39
4575,67,68.71,125
4598,12,4.71,9
459,400,822.29,2500
4569,55,63,83
458,220,1685.01,10033
4596,12,13.06,20
4599,45,28.7,75
46,,,
4591,49,49,49
4601,14,8.5,9
4600,38,22.6,33
460,399,1299.68,6913
4602,150,48,48
4603,2200,49,49
4604,4,4.99,25
4609,30,37.4,60
4606,75,81.63,300
461,399,1303.9,10000
4608,18,21.79,48
4611,500,49,49
4613,5,5.16,12
4612,43,27.55,40
4618,16,49,49
4615,29,31,39
4616,125,49,49
4617,40,49,49
4619,19,14.74,25
462,1,14.72,250
4620,38,28.86,43
4622,10,9.42,69
4587,12,11.8,19
4624,55,56.25,65
4625,15,8.8,18
4621,5,5.18,9
4623,48,24.39,70
4614,20,15.65,39
4626,27,22.3,30
4627,143,86.33,99
4628,5,4.64,7
4630,35,29.83,36
4629,12,17.24,99
463,1,14.71,199
4631,10,5.55,25
4632,50,20.5,40
4634,18,19.58,25
4635,21,27.2,34
4639,6,4.36,7
4637,13,12.53,26
464,1,15.52,325
4636,5,6.16,17
4640,11,13.72,18
4641,40,40.71,65
4642,5,4.96,10
4633,47,41.25,47
4645,45,29,40
4646,2000,1350,1500
4644,20,16.68,30
4648,49,49,49
4643,5,4.71,9
4647,13999,49,49
4653,49,49,49
4649,3,4.52,9
4654,56,49,49
4652,14,4,4
4651,42,25.67,38
4583,225,49,49
4657,26,36,49
4658,3,3.79,6
4656,12,17.43,25
4659,10,14.15,20
4655,3,4.25,23
466,1,10.28,210
4663,20,28,49
4662,25,15,20
4660,20,19.67,29
4668,35,43,49
4650,15,15.11,37
4666,45,27.8,40
4661,4,3.98,10
4670,5,4.95,10
4665,9,12.59,25
4667,15,13.85,19
4584,14,8.6,15
4664,3,3.93,6
467,1,14.31,250
4675,50,49,49
4672,65,57.67,59
4669,6,5.36,10
4676,13,14.63,29
4673,10,8.63,19
4671,25,20.25,25
4680,39,39,50
4674,75,49,49
468,1,9.56,399
4678,5,4.45,6
4679,15,12.94,22
4687,6,5.74,25
4681,4,5.4,8
4684,3,5.25,8
4685,13,12.8,21
4690,70,43.6,50
4689,13,18.62,50
4692,35,38.75,49
4691,22,18,39
4595,4,4.7,26
4695,34,40,58
4686,175,39,40
4610,150,49,49
4605,38,21.55,39
4688,6,6.29,80
4592,6,5.59,15
4693,5,5.49,11
4694,13,15.46,22
4699,5,4.7,8
4607,9,6.45,17
470,1,8.8,200
4593,19,16,19
4700,15,30.6,90
4701,49,49,49
4704,49,49,49
4703,49,49,49
4638,42,36.14,55
4682,13,16.56,29
465,2,22.4,1500
4708,15,49,49
4706,1,1.56,3
4711,9,9.47,19
4707,2,1.86,5
4712,8,6.45,9
4713,6,7.63,100
4677,40,41.4,60
4714,7,7.87,99
4715,8,7.49,35
4709,20000,49,49
4717,14,12.45,21
4696,5,5.95,10
4683,39,34.33,50
4716,24,23.32,49
4722,7,9.36,125
471,1,15.25,500
47,,,
469,1,6.97,149
4697,20,17.1,22
4724,5,6.27,33
4720,9,14.77,32
4718,12,14.02,125
4719,27,18.15,26
4702,2500,45,50
4721,11,14.26,125
4710,8000,49,49
4705,2,2.02,8
4723,41,40.21,56
4725,19,19.73,29
472,4,38.55,517
4698,31,25,28
4729,10,8.98,25
4730,15,18.18,50
4727,17,18.26,29
4728,8,9.08,18
4732,17,29.52,250
4731,29,35.26,48
473,1,8.1,85
4733,44,46.56,125
4736,37,25.02,39
4734,22,23.19,150
4737,17,24.36,300
4740,7,7.44,15
474,44,297.71,7777
4741,11,12.15,21
4738,20,29.85,199
4739,79,89.4,999
4726,10,14.14,80
4749,14,22.32,35
4742,5,6.73,17
4746,47,45.78,79
4748,9,9.77,23
4747,35,38.88,85
4743,7,6.56,15
4735,6,5.69,9
4744,5,8.06,25
4750,233,322.83,1000
4756,50,36.7,40
475,5,44.75,510
4751,105,72.86,85
4752,58,60.14,150
4754,110,75,105
4757,170,170.9,189
4758,198,155.08,333
4760,222,185,185
476,8,77.39,1100
4764,40,44.6,67
4766,46,49,64
4759,199,142.33,199
4765,94,74.14,83
4763,425,342.29,445
4762,158,121.64,200
4761,115,118,140
4767,299,222.4,250
4768,188,215.71,249
4745,12,10.54,25
4769,60,72.11,99
4770,9999,1033.33,1300
4775,48,21.2,29
4776,99,50,50
4772,3,5.91,11
4771,2099,1243.75,1375
4773,13,11.73,18
477,8,63.04,999
4777,150,65,65
4780,105,58,75
4778,9,10.29,20
478,9,102.73,1300
4753,250,104.88,120
4783,48,31,40
4779,33,29.16,39
4782,17,21.53,28
4784,14,11.17,110
4774,35,35,35
4785,28,40.21,150
4781,5,6.77,29
4786,125,97,126
4787,4,6.19,15
4789,33,49,49
4788,19,20.19,33
4792,25,49,49
4790,3,4.06,7
4795,189,85.33,91
4796,3,4.76,9
4793,13,12.4,30
4798,48,45,59
479,5,40.57,700
4791,13,11.63,18
48,,,
4799,9,8.26,14
4800,19,21.88,35
4797,20,17,35
4805,28,14,14
4755,80,69.6,100
4802,4,5.6,30
4806,99,49,49
4803,15,18.41,50
481,6,47.22,319
4811,4,4.23,10
4804,41,63.25,125
4808,25,22,24
4810,75,75,75
4809,395,49,49
4807,90,49,49
4812,12,13.69,18
4813,98,31,39
480,5,53.34,999
4794,50,40.2,199
4814,3,4.95,35
4801,89,89,89
4815,12,12.4,19
4821,49,39,39
4822,3,4.19,8
4816,27,36,50
4820,15,22.44,40
4817,3,4.53,22
4823,3,3.89,8
4826,11,49,49
4827,49,49,49
4824,12,14.63,30
4825,40,39,39
4819,35,44,52
482,4,36.79,399
4832,1,49,49
4828,25,49,49
4829,1,49,49
4818,11,14.18,25
483,49,424.81,3750
4831,1,1,1
4830,1,49,49
4836,1,1,1
4833,2,38.92,1450
4838,1,1,1
484,8,70.31,700
4837,1,1.89,8
4834,1,1,1
4840,1,1,1
4839,1,1,1
4841,1,1,1
4835,1,1.33,2
4842,1,1.2,2
4847,1,1,1
4844,1,49,49
4849,1,1,1
4846,1,1.04,2
4853,1950,1400,1400
485,265,1304.21,9999
4851,2500,900.5,1201
4852,4999,1116.67,1150
4850,1,1,1
4857,49,49,49
4843,1,1,1
4856,49,49,49
4859,2400,350,350
4861,1155,577.5,600
4858,899,49,49
4862,570,49,49
4860,9000,750,750
4854,5800,49,49
4848,1,1,1
4845,1,1.62,3
4865,77,124.13,799
4864,85,73.8,199
4863,699,595,595
4870,95,115.56,175
486,6,71.47,1070
4866,98,97.29,527
4873,150,146.7,175
4869,139,149.17,200
4868,214,189.11,250
4867,155,184.82,399
4855,14999,49,49
4877,349,294.75,325
4872,125,152.63,190
488,7,91.15,1600
4879,265,230.17,255
487,13,125.27,1000
4878,250,168.5,199
4881,299,285.83,489
4886,306,288,350
4888,10,10.35,35
4871,139,165.7,225
4876,115,151.88,200
4883,106,116,125
4890,11,10.12,15
4891,30,15.83,199
4884,350,228.8,299
489,1199,10015.93,65000
4875,360,334.83,444
4885,699,550.14,699
4893,10,7.93,13
4892,13,15.54,44
4896,11,9.12,14
4889,7,7.15,20
4874,95,128.1,325
4880,249,170.6,299
4882,176,188.33,240
4897,7,6.02,25
4898,6,11,18
4887,28,27.84,35
49,,,
4895,9,7.62,45
4894,7,7.15,12
4899,7,8,15
490,369,1326.67,3100
4904,55,45.67,77
4905,85,82.5,100
4901,16,13.43,27
4900,35,35.5,199
4902,350,290.7,325
4906,250,190.2,280
4907,149,100,125
4903,64,84.9,100
4908,79,81,100
4914,89,88.33,99
492,1,7.2,250
4919,49,49,49
491,2800,4180.57,9449
4910,68,62,89
4920,4,4.1,7
4918,49,49,49
4915,215,189.38,215
4912,44,49.75,99
4913,99,92.91,115
4916,250,151.13,210
4917,99,49,49
4921,18,15.56,18
4924,12,12.65,17
4911,85,87.57,104
4925,24,29.25,59
4928,149,140,140
4927,79,60,60
4909,72,86.1,125
4923,4,4.29,20
4931,45,27,29
4922,27,24,26
4926,55,49,49
4930,17,16.29,50
493,2,27.97,1300
4929,5,6.35,50
4937,31,23.25,30
4943,35,23.38,29
4932,5,4.92,7
4940,49,49,49
4935,3,4.08,7
494,2,22.13,1100
4936,11,12.67,15
4933,12,15.5,50
4947,39,19,20
4949,250,49,49
4954,19,21.46,55
4939,200,49,49
4951,9,10.64,15
4946,30,32.5,39
495,2,6.48,1378
4957,12,10.56,14
4956,3,4.64,38
4934,75,35.5,49
4955,55,41.2,58
4938,15,49,49
4942,15,12.91,15
4959,5,4.72,15
4941,5,5.09,12
4950,3,4.43,20
4958,35,33.33,39
4961,37,25.2,29
4952,32,26.25,35
496,1,11.65,515
4964,33,30.71,36
4953,5,5.81,15
4945,12,10.29,17
4948,49,49,49
4967,42,33.2,39
4968,3,4.09,7
4962,4,5.33,14
4963,15,14.67,25
4977,4,3.17,6
4944,7,5.86,30
4973,27,23,35
4969,8,13.73,19
4971,4,5.54,20
4974,49,49,49
4978,3,2.65,5
4980,4,2.9,6
4966,19,20.33,25
498,1,14.66,275
4975,3,3,4
4985,3,3.34,24
4983,3,2.75,5
4979,4,3.49,8
5,,,
4984,3,2.73,5
4987,4,2.74,4
4982,4,2.98,5
50,,,
499,2,20.71,1580
500,1,5.67,805
501,1,5.26,182
506,1,6.93,2660
502,1,8.92,100
503,1,9.93,1199
505,1,9.57,105
504,1,20.84,1010
508,4,50.64,7250
51,,,
510,1,8.56,350
511,5,34.15,1800
513,2,20.68,2750
515,1,5.17,131
517,6,55.78,399
52,,,
516,5,52.62,1000
518,15,114.69,1800
507,5,50.55,1222
4960,15,14.57,18
520,5,64.37,499
509,1,6.61,199
512,1,5.43,82
522,575,2201.42,10999
521,7,70.35,879
524,342,2033.68,13500
526,225,1477.57,8500
528,1,10.72,200
523,1400,3132.8,13999
527,1450,1394.71,8500
529,1,12.76,99
525,415,1815.78,10040
530,1,14.99,700
531,2,19.45,1099
534,1,14.14,319
533,2,26.38,1000
519,29,89.66,1685
535,35,209.49,3500
4970,30,21.8,30
532,2,27.03,1000
53,,,
536,5,51.83,400
538,6,82.77,527
54,,,
539,7,56.49,1500
537,5,47.48,350
543,6,59.42,1888
541,10,122.74,640
542,13,137.97,1200
544,12,145.08,5000
545,23,226.04,8686
55,,,
546,8,56.91,500
547,14,167.99,1500
550,2999,1891.73,9000
548,28,128.81,600
549,5,60.77,300
552,1,6.48,1600
551,988,2466.84,5999
553,1,6.21,281
554,1,6.1,220
555,1,8,700
556,1,15.3,500
56,,,
558,1,6.87,1000
559,2,12.2,555
560,1,5.42,350
563,1,6.96,70
57,,,
566,1,13.52,580
571,1,7.62,765
570,1,5.73,324
4986,5,3.51,20
561,1,7.39,4000
562,1,6.53,249
574,1,5.5,300
565,1,6.11,250
573,1,12.25,3000
568,1,5.32,120
567,1,7.32,269
572,1,7.07,500
564,1,6.69,299
575,1,10.66,213
497,1,7.25,199
58,,,
4981,3,3.36,24
4976,9,2.33,3
569,1,5.98,500
576,4,47.03,299
4972,14,12.63,16
581,7,93.36,500
580,6,60.02,875
579,6,64.58,1100
582,5,53.47,999
578,34,165.65,1200
514,1,16.96,6885
584,528,3418.03,14000
583,12,221.69,5000
577,9,101.13,735
4965,6,7.25,50
540,9,103.33,1700
585,240,1106.21,6900
586,697,2919.43,25000
557,8,90.97,1500
587,740,2929.25,7500
588,399,2151.35,8500
589,1,10.01,129
59,,,
6,,,
596,17,146.51,1300
593,1,8.11,499
60,,,
590,1,9.71,500
601,7,59.24,999
602,6,50.61,650
594,1,7.8,100
598,29,273.32,1750
607,26,201.71,3000
595,1,16.07,750
591,2,34.98,499
600,7,83.16,1111
603,5,55.37,250
605,19,90.33,1000
599,6,63.89,900
61,,,
610,479,2172.54,9865
597,4,69.14,1000
592,2,10.83,199
604,7,70.41,999
608,450,2700.54,12800
606,23,203.07,2000
613,1,10.43,2500
612,1,8.13,150
616,1,4.61,143
615,1,5.46,799
617,1,5.1,288
618,1,10.87,150
620,1,10.48,299
623,1,4.64,150
626,1,5.2,259
629,1,14.93,999
63,,,
624,1,5.07,65
625,1,7.82,298
62,,,
621,1,6.19,488
631,1,8.65,420
622,2,26.32,2000
632,1,6.54,199
611,1050,2761.36,6969
637,7,124.59,980
614,1,5.27,399
609,475,1656.59,6000
64,,,
640,6,87.14,1350
619,3,13.51,2700
635,1,9.72,585
636,1,8.59,200
630,1,6.08,104
638,9,70.87,399
641,7,66.21,299
642,12,79.04,2500
634,1,5.47,215
628,1,5.19,183
639,8,123.17,3030
627,1,22.01,2350
643,8,88.44,1032
644,220,765.35,2500
645,799,2364.77,6750
633,1,4.64,410
651,1,9.39,325
65,,,
648,1,8.1,320
649,1,17.05,269
657,20,117.13,800
655,7,53.92,4444
647,270,1428.01,5500
659,5,53.56,1000
654,1,20.88,600
66,,,
650,1,8.46,356
662,5,42,200
658,5,44.83,250
663,5,54.99,449
664,8,112.96,1100
646,479,1516.89,7500
656,2,28.23,925
67,,,
667,6,85.16,494
652,1,9.43,140
661,8,40.75,636
660,7,83.06,225
666,7,60.45,1554
653,1,13.01,200
665,5,66.01,560
668,13,95.55,1900
671,17,124.9,2500
670,7,67.02,617
676,500,1263.46,3449
669,45,572.29,20000
672,9,79.12,500
678,1550,3276.37,8500
675,499,1058.81,6900
68,,,
679,2500,6799,9264
677,590,3517.53,7400
680,1,9.96,327
69,75000,49,49
683,1,10.25,680
687,1,5.1,169
692,2,19.66,1450
673,475,1634.15,5500
686,1,8.8,499
688,1,6.67,770
674,2999,4320.73,9999
685,2,26.49,999
696,1,5.17,300
698,1,6.45,105
689,2,28.57,1200
691,1,10.54,499
70,,,
684,2,17.28,290
695,1,5.6,1100
7,49,49,49
697,1,6.93,500
700,2,23.73,2625
699,1,7.17,1500
682,2,18.59,525
703,4,44.07,499
701,1,10.69,730
690,1,5.26,104
702,1,4.97,600
706,9,67.36,308
704,14,99.34,1400
694,1,5.68,399
708,4,38.4,510
709,5,44.54,500
707,5,37.07,269
693,1,8.19,399
681,3,31.13,750
71,,,
705,4,41.02,298
712,399,2718.15,10000
711,8,66.18,499
713,225,1478.38,15000
717,2,15.95,1100
714,175,810.93,6969
715,600,2373,4250
718,1,17.01,180
722,1,23.03,527
723,2,18.79,650
72,,,
73,,,
719,2,18.54,200
725,1,7.65,499
728,6,64.61,200
731,7,45.76,250
726,1,18.45,250
721,1,9.2,150
724,1,7.95,285
732,4,46.02,175
729,8,67.39,1052
727,2,20.59,295
710,7,84.88,1430
716,1,9.75,599
730,6,58.92,1000
74,,,
738,23,163.16,2000
736,11,127.09,2500
733,7,52.69,777
735,11,120.14,1000
740,1349,2262.41,4924
734,6,58.3,800
737,25,70.51,2000
741,350,1555.69,8999
749,1,6.08,301
746,1,9.3,1200
745,1,5.92,751
747,1,5.89,142
748,1,6.11,499
751,,,
744,650,2426.59,6500
753,2,12.71,219
739,750,1090.77,2500
752,1,7.05,100
755,2,17.21,749
76,,,
756,2,25.85,1000
754,1,20.51,930
759,1,9.51,399
758,1,7.43,358
75,,,
757,1,6.28,531
720,1,19.33,400
761,4,46.88,600
760,4,39.85,1870
750,1,6.58,1200
743,749,1289.09,2599
762,32,201.58,4999
764,5,52.34,525
766,15,93.3,1881
763,16,107.34,1400
77,,,
770,2323,5950.23,50000
774,4,33.4,1000
775,1,14.29,250
772,1038,1145.72,10000
771,1350,8373.26,31500
765,9,77.63,2110
773,1,6.81,420
769,385,1005.28,3888
78,,,
777,1,16.16,1884
776,3,31.91,550
782,1,11.55,299
781,3,27.91,2000
780,7,50.41,10000
779,1,7.7,869
742,1099,3705.16,10550
783,1,6.97,900
784,1,6.33,250
785,3,16.62,1511
768,8,88.49,899
767,5,54.56,999
787,5,50.93,632
786,1,15.64,300
79,,,
793,1500,2421.57,19999
795,499,1687.62,4399
791,144,1090.88,15000
778,1,13.88,155
790,8,73.29,1200
789,10,145.36,1490
800,1,11.2,250
792,6,78,1888
8,,,
797,300,1039.67,3650
788,20,133.75,1500
794,300,1118.86,2000
799,1,5.86,393
796,275,1242.04,3999
802,1,6.67,499
805,1,17.82,2710
804,2,20.26,1000
80,,,
803,1,12.79,2000
798,3,28.64,2999
811,247,1600.56,5999
808,64,348.4,3915
81,,,
806,22,158.26,2000
801,2,25.41,2000
814,2,19.19,950
818,1,6.17,175
809,22,121.17,2000
812,1,21.74,2600
813,2,25.95,725
807,6,53.12,996
823,1,10.26,499
822,1,14.53,677
827,12,145.37,2879
828,425,3362.35,9999
829,799,2959.95,11510
834,1,9.07,560
815,1,18.26,1899
833,1,8.26,299
831,1,6.92,149
832,2,16.24,3158
825,1,20.11,3111
810,500,1800.17,3500
819,1,6.23,500
836,1,10.53,420
830,1,10.83,500
84,,,
826,26,191.92,5500
839,1,5.21,200
83,,,
835,1,11.57,1777
840,1,5.36,750
837,2,19.88,499
844,1,10.03,300
843,1,8.84,550
82,,,
841,2,11.39,527
842,2,7.17,125
846,1,14.66,210
850,4,47.68,4969
85,,,
852,1,7.27,470
824,2,21.96,2900
821,1,12.82,1200
820,1,7.17,550
816,2,26.14,1999
817,38,255.6,2000
838,1,7.87,1111
853,1,7.44,1500
854,2,15.31,1999
859,24,195.23,4444
858,4,41.77,225
861,9,93.34,1199
860,12,62.99,1500
849,1,18.57,330
862,5,66.74,540
857,2,32.88,799
851,1,6.47,425
86,,,
855,1,11.77,635
856,1,6.48,250
845,2,20.61,800
847,2,18.79,555
848,8,104.52,10574
864,6,45.79,319
863,5,53.91,225
870,6,68.68,699
87,,,
871,6,47.97,777
867,6,53.01,250
869,5,52.08,599
875,84,762.55,7400
88,,,
874,79,610.69,1699
878,300,1104.48,3000
877,250,892.56,8200
879,520,1822.21,6000
866,11,82.37,598
865,12,111.33,1499
872,5,43.83,450
868,7,87.22,318
881,11944,18634.86,44444
880,435,890.49,2200
882,1,16.25,650
884,1,10.97,750
89,,,
887,1,9.73,566
885,1,8.87,550
889,1,7.46,550
876,285,1026.38,5454
891,3,25.68,2222
888,1,10.5,999
883,1,6.51,178
873,10,60.54,1200
895,21,183.78,1200
896,6,55.53,999
890,1,10.86,1068
90,,,
899,8,45.17,500
900,27,116.27,1111
886,2,32.13,2000
9,,,
894,22,114.01,1100
903,450,1764.53,6000
897,9,150.18,650
901,125,692.47,1750
905,2,14.43,2000
906,1,9.31,799
902,149,900.7,4500
893,3,45.96,279
892,1,6.42,350
907,1,8.38,699
909,2,14.27,800
898,24,111.8,2999
914,9,63.01,999
913,9,122.93,1999
910,1,7.16,132
911,1,8.71,999
912,5,54.71,250
908,1,7.65,375
91,,,
904,1,7.39,125
920,699,1777.54,4950
918,20,133.67,2500
919,7,62.12,800
917,8,58.71,1100
93,,,
924,15,99.94,852
927,1,7.91,100
925,5,27.65,1000
915,7,92.72,750
922,1,9.78,899
92,,,
926,95,670.75,2900
916,6,75.43,350
931,4,26.74,1450
929,2,25.27,2999
928,6,48.07,2500
930,1,9.02,600
94,,,
921,499,1708.56,5000
923,1,8.36,590
938,6,81.13,999
936,10,70.79,1200
932,1,5.27,250
937,4,43.79,138
933,2,8.17,474
939,157,996.7,2599
941,99,629.43,1250
935,5,38.66,199
940,122,753.69,2500
934,1,5.12,499
945,1,14.23,149
943,2,11.1,200
949,21,182.56,709
948,1,9.79,490
946,1,7.97,500
95,749999,7500,7500
944,1,9.03,500
955,7,48.77,699
957,9,49.73,950
961,95,917.62,2900
960,280,954.74,2000
951,10,123.96,888
942,1,7.67,527
958,9,61.74,1000
96,,,
953,224,899.29,3649
965,200,631.1,1350
966,1,8.08,500
950,5,39.44,600
962,199,607.71,1500
959,8,61.36,749
967,1,13.43,85
954,7,51.39,599
964,125,674.27,1299
956,8,80.1,625
963,225,698.78,1500
969,2,20.72,2500
971,1,5.04,311
970,1,6.52,425
972,1,12.36,1100
973,2,11.76,279
947,1,9.14,625
98,,,
977,185,868.68,3158
978,139,657.48,1500
97,,,
979,750,1023.9,2800
981,1,11.48,1000
968,2,7.16,666
952,11,146.26,2300
985,2,12.98,500
988,8,47.52,199
989,28,134.47,2300
986,2,12.14,915
99,,,
983,1,10.31,555
975,9,76.14,1100
980,2,16.86,2000
976,5,48.39,1499
990,5,53.21,730
991,399,842.94,5750
987,22,158.2,800
995,1,13.7,999
982,2,8.91,298
997,1,6.01,124
974,9,75.04,400
ED123,3,2.75,5
984,1,14.51,400
992,3300,10694.58,25000
996,1,7.02,379
998,2,15.91,1001
993,1,7.66,790
994,1,6.7,585
999,4,50.81,1200
